id,video_id,agn_index,video_key,frame,fighter,punch_type,hand,target,effectiveness,clear
1,АГН-37,37,agn_037,267,red,hook,left,body,landed,true
2,АГН-37,37,agn_037,694,blue,hook,right,head,blocked,true
3,АГН-37,37,agn_037,862,blue,cross,right,body,landed,true
4,АГН-37,37,agn_037,916,red,cross,left,head,blocked,true
5,АГН-37,37,agn_037,988,red,uppercut,right,body,blocked,true
6,АГН-37,37,agn_037,1213,blue,uppercut,left,head,landed,true
7,АГН-37,37,agn_037,1220,blue,jab,right,body,landed,false
8,АГН-37,37,agn_037,1368,red,cross,right,head,miss,false
9,АГН-37,37,agn_037,1431,red,jab,right,body,landed,true
10,АГН-37,37,agn_037,1649,blue,uppercut,left,body,landed,true
11,АГН-37,37,agn_037,1715,red,jab,right,body,blocked,true
12,АГН-37,37,agn_037,1977,blue,uppercut,left,head,blocked,false
13,АГН-37,37,agn_037,2009,blue,hook,right,head,landed,false
14,АГН-37,37,agn_037,2313,red,uppercut,left,head,landed,true
15,АГН-37,37,agn_037,2741,red,jab,left,body,blocked,true
16,АГН-37,37,agn_037,2777,red,uppercut,right,head,landed,true
17,АГН-37,37,agn_037,2869,blue,hook,left,body,miss,true
18,АГН-37,37,agn_037,3027,blue,jab,left,head,blocked,false
19,АГН-37,37,agn_037,3050,blue,hook,left,head,miss,false
20,АГН-37,37,agn_037,3067,blue,hook,right,head,landed,true
21,АГН-37,37,agn_037,3194,red,hook,left,head,miss,false
22,АГН-37,37,agn_037,3221,red,cross,left,body,blocked,false
23,АГН-37,37,agn_037,3274,blue,uppercut,left,head,miss,true
24,АГН-37,37,agn_037,3420,blue,hook,right,body,blocked,false
25,АГН-37,37,agn_037,3457,blue,jab,right,body,blocked,true
26,АГН-37,37,agn_037,3605,blue,uppercut,left,head,miss,true
27,АГН-37,37,agn_037,3971,blue,cross,left,head,blocked,false
28,АГН-37,37,agn_037,4053,blue,uppercut,right,head,landed,false
29,АГН-37,37,agn_037,4270,blue,cross,left,head,miss,false
30,АГН-37,37,agn_037,4689,red,uppercut,right,head,miss,true
31,АГН-37,37,agn_037,4814,blue,uppercut,left,body,miss,false
32,АГН-37,37,agn_037,4962,blue,jab,right,body,blocked,true
33,АГН-37,37,agn_037,5136,blue,jab,left,head,blocked,false
34,АГН-37,37,agn_037,5164,blue,uppercut,right,body,landed,false
35,АГН-37,37,agn_037,5322,red,uppercut,left,head,blocked,false
36,АГН-37,37,agn_037,5544,blue,uppercut,right,body,miss,false
37,АГН-37,37,agn_037,5736,blue,uppercut,left,body,miss,false
38,АГН-37,37,agn_037,5801,blue,uppercut,left,head,miss,false
39,АГН-37,37,agn_037,5829,blue,uppercut,left,head,landed,false
40,АГН-37,37,agn_037,5949,red,uppercut,right,body,landed,true
41,АГН-37,37,agn_037,6052,blue,uppercut,right,head,blocked,true
42,АГН-37,37,agn_037,6308,blue,cross,left,head,blocked,false
43,АГН-37,37,agn_037,6420,blue,jab,right,body,landed,true
44,АГН-37,37,agn_037,6448,red,cross,right,body,blocked,false
45,АГН-37,37,agn_037,6710,blue,jab,left,body,landed,true
46,АГН-37,37,agn_037,6835,red,cross,right,body,miss,false
47,АГН-37,37,agn_037,7256,blue,hook,right,head,blocked,true
48,АГН-37,37,agn_037,7271,blue,cross,right,head,landed,false
49,АГН-37,37,agn_037,7278,red,uppercut,left,body,landed,false
50,АГН-37,37,agn_037,7797,blue,jab,right,head,landed,true
51,АГН-37,37,agn_037,7862,blue,hook,right,head,miss,true
52,АГН-37,37,agn_037,7886,red,jab,left,head,miss,true
53,АГН-38,38,agn_038,34,blue,jab,left,head,landed,false
54,АГН-38,38,agn_038,94,red,jab,left,body,landed,true
55,АГН-38,38,agn_038,229,red,hook,left,head,landed,true
56,АГН-38,38,agn_038,241,blue,cross,left,head,miss,true
57,АГН-38,38,agn_038,303,red,hook,left,head,blocked,true
58,АГН-38,38,agn_038,349,blue,cross,right,body,blocked,true
59,АГН-38,38,agn_038,402,blue,uppercut,left,body,landed,false
60,АГН-38,38,agn_038,438,blue,cross,right,head,blocked,false
61,АГН-38,38,agn_038,443,red,jab,right,body,blocked,true
62,АГН-38,38,agn_038,507,blue,jab,left,head,blocked,false
63,АГН-38,38,agn_038,614,blue,hook,right,body,miss,true
64,АГН-38,38,agn_038,645,red,cross,left,head,miss,true
65,АГН-38,38,agn_038,653,blue,uppercut,left,body,blocked,false
66,АГН-38,38,agn_038,684,red,jab,right,body,landed,false
67,АГН-38,38,agn_038,704,red,jab,left,head,landed,true
68,АГН-38,38,agn_038,757,blue,hook,right,head,landed,false
69,АГН-38,38,agn_038,815,red,jab,right,body,miss,true
70,АГН-38,38,agn_038,877,red,hook,right,head,landed,true
71,АГН-38,38,agn_038,893,red,cross,left,body,blocked,true
72,АГН-38,38,agn_038,923,blue,jab,left,body,landed,true
73,АГН-38,38,agn_038,939,red,jab,left,head,miss,true
74,АГН-38,38,agn_038,1016,blue,cross,right,body,landed,true
75,АГН-38,38,agn_038,1041,blue,jab,left,body,landed,true
76,АГН-38,38,agn_038,1296,blue,cross,right,body,miss,true
77,АГН-38,38,agn_038,1345,blue,jab,left,body,landed,true
78,АГН-38,38,agn_038,1365,red,hook,right,head,landed,false
79,АГН-38,38,agn_038,1429,red,hook,right,body,miss,true
80,АГН-38,38,agn_038,1447,blue,uppercut,right,head,miss,true
81,АГН-38,38,agn_038,1473,blue,uppercut,left,body,landed,true
82,АГН-38,38,agn_038,1557,red,uppercut,right,body,miss,true
83,АГН-38,38,agn_038,1578,blue,jab,right,head,miss,false
84,АГН-38,38,agn_038,1595,blue,jab,left,head,blocked,false
85,АГН-38,38,agn_038,1621,blue,uppercut,left,body,landed,true
86,АГН-38,38,agn_038,1642,blue,jab,left,head,miss,false
87,АГН-38,38,agn_038,1741,blue,jab,right,body,landed,true
88,АГН-38,38,agn_038,1762,blue,hook,left,body,landed,true
89,АГН-38,38,agn_038,1793,blue,cross,left,body,blocked,false
90,АГН-38,38,agn_038,1854,red,jab,left,body,miss,true
91,АГН-38,38,agn_038,1898,red,jab,right,body,blocked,true
92,АГН-38,38,agn_038,1968,blue,jab,left,body,landed,true
93,АГН-38,38,agn_038,1970,red,uppercut,left,body,landed,false
94,АГН-38,38,agn_038,2025,red,jab,right,head,miss,false
95,АГН-38,38,agn_038,2037,blue,uppercut,right,head,blocked,false
96,АГН-38,38,agn_038,2097,blue,cross,left,body,landed,false
97,АГН-38,38,agn_038,2153,red,jab,left,head,landed,true
98,АГН-38,38,agn_038,2161,blue,jab,right,head,miss,true
99,АГН-38,38,agn_038,2192,blue,uppercut,left,head,blocked,false
100,АГН-38,38,agn_038,2226,red,uppercut,left,head,blocked,true
101,АГН-38,38,agn_038,2280,blue,uppercut,left,body,blocked,false
102,АГН-38,38,agn_038,2335,red,jab,right,body,landed,false
103,АГН-38,38,agn_038,2381,blue,cross,right,head,landed,false
104,АГН-38,38,agn_038,2466,blue,jab,right,body,miss,true
105,АГН-38,38,agn_038,2577,red,hook,left,body,blocked,false
106,АГН-38,38,agn_038,2609,red,hook,left,body,miss,false
107,АГН-38,38,agn_038,2652,blue,jab,left,body,landed,false
108,АГН-38,38,agn_038,2714,blue,jab,left,head,miss,false
109,АГН-38,38,agn_038,2731,red,hook,right,body,landed,true
110,АГН-38,38,agn_038,2788,red,hook,right,body,miss,true
111,АГН-38,38,agn_038,2885,blue,hook,left,head,blocked,false
112,АГН-38,38,agn_038,2885,red,jab,right,head,blocked,false
113,АГН-38,38,agn_038,2894,red,jab,left,body,blocked,false
114,АГН-38,38,agn_038,2903,blue,cross,left,body,miss,false
115,АГН-38,38,agn_038,2905,blue,jab,left,head,miss,true
116,АГН-38,38,agn_038,2926,blue,jab,left,body,blocked,true
117,АГН-38,38,agn_038,2945,blue,jab,right,head,miss,false
118,АГН-38,38,agn_038,3009,blue,uppercut,right,head,blocked,false
119,АГН-38,38,agn_038,3056,red,cross,right,body,blocked,false
120,АГН-38,38,agn_038,3063,red,uppercut,left,head,miss,false
121,АГН-38,38,agn_038,3074,blue,uppercut,left,head,blocked,true
122,АГН-38,38,agn_038,3079,blue,jab,left,body,miss,false
123,АГН-38,38,agn_038,3093,red,cross,left,body,blocked,false
124,АГН-38,38,agn_038,3200,red,jab,right,body,blocked,true
125,АГН-38,38,agn_038,3289,blue,jab,right,body,miss,false
126,АГН-38,38,agn_038,3389,red,uppercut,left,head,miss,false
127,АГН-38,38,agn_038,3442,red,uppercut,left,body,landed,true
128,АГН-38,38,agn_038,3505,blue,jab,left,body,landed,true
129,АГН-38,38,agn_038,3539,red,hook,left,head,blocked,false
130,АГН-38,38,agn_038,3690,red,uppercut,left,head,landed,true
131,АГН-38,38,agn_038,3707,blue,hook,right,body,blocked,false
132,АГН-38,38,agn_038,3716,blue,cross,left,head,blocked,true
133,АГН-38,38,agn_038,3758,red,hook,right,body,miss,false
134,АГН-38,38,agn_038,3826,blue,uppercut,right,head,blocked,true
135,АГН-38,38,agn_038,3871,red,jab,left,body,landed,true
136,АГН-38,38,agn_038,3900,blue,hook,right,head,miss,false
137,АГН-38,38,agn_038,3907,red,hook,left,head,miss,false
138,АГН-38,38,agn_038,4041,red,hook,left,head,landed,true
139,АГН-38,38,agn_038,4048,blue,cross,right,head,blocked,true
140,АГН-38,38,agn_038,4056,red,cross,left,body,miss,false
141,АГН-38,38,agn_038,4097,red,hook,right,body,landed,true
142,АГН-38,38,agn_038,4113,red,uppercut,right,body,blocked,false
143,АГН-38,38,agn_038,4123,red,hook,right,head,landed,false
144,АГН-38,38,agn_038,4127,blue,uppercut,right,body,blocked,false
145,АГН-38,38,agn_038,4157,blue,hook,right,body,blocked,true
146,АГН-38,38,agn_038,4160,blue,jab,right,body,blocked,true
147,АГН-38,38,agn_038,4198,blue,hook,left,body,miss,false
148,АГН-38,38,agn_038,4285,blue,cross,right,body,blocked,true
149,АГН-38,38,agn_038,4319,red,jab,right,head,miss,false
150,АГН-38,38,agn_038,4386,red,uppercut,right,head,blocked,true
151,АГН-38,38,agn_038,4390,red,cross,left,body,landed,true
152,АГН-38,38,agn_038,4482,red,uppercut,left,body,blocked,true
153,АГН-38,38,agn_038,4518,blue,jab,left,body,landed,false
154,АГН-38,38,agn_038,4622,blue,jab,right,head,miss,false
155,АГН-38,38,agn_038,4712,blue,cross,left,head,blocked,true
156,АГН-38,38,agn_038,4788,blue,jab,left,head,miss,true
157,АГН-38,38,agn_038,4807,blue,hook,right,body,landed,true
158,АГН-38,38,agn_038,4890,blue,cross,right,body,miss,true
159,АГН-38,38,agn_038,4891,red,hook,left,head,miss,true
160,АГН-38,38,agn_038,4924,blue,jab,right,body,blocked,true
161,АГН-38,38,agn_038,4927,blue,jab,left,body,blocked,false
162,АГН-38,38,agn_038,4963,red,hook,left,body,miss,false
163,АГН-38,38,agn_038,4968,red,cross,right,head,miss,false
164,АГН-38,38,agn_038,5029,red,cross,right,head,landed,true
165,АГН-38,38,agn_038,5048,blue,jab,right,head,miss,false
166,АГН-38,38,agn_038,5107,blue,jab,right,head,landed,true
167,АГН-38,38,agn_038,5194,blue,jab,left,head,landed,true
168,АГН-38,38,agn_038,5211,red,cross,left,head,landed,true
169,АГН-38,38,agn_038,5294,red,jab,left,head,landed,true
170,АГН-38,38,agn_038,5346,blue,uppercut,left,head,blocked,false
171,АГН-38,38,agn_038,5417,blue,hook,right,body,landed,true
172,АГН-38,38,agn_038,5422,blue,hook,right,head,miss,true
173,АГН-38,38,agn_038,5492,red,uppercut,right,head,blocked,true
174,АГН-38,38,agn_038,5561,blue,cross,left,head,blocked,true
175,АГН-38,38,agn_038,5564,red,hook,right,head,blocked,true
176,АГН-38,38,agn_038,5588,blue,hook,right,head,landed,true
177,АГН-38,38,agn_038,5597,red,hook,left,body,miss,true
178,АГН-38,38,agn_038,5693,red,jab,right,head,landed,true
179,АГН-38,38,agn_038,5761,blue,jab,left,body,landed,true
180,АГН-38,38,agn_038,5782,blue,jab,left,head,miss,false
181,АГН-38,38,agn_038,5964,red,uppercut,right,head,blocked,true
182,АГН-38,38,agn_038,6054,blue,cross,left,body,miss,true
183,АГН-38,38,agn_038,6065,red,cross,left,body,landed,true
184,АГН-38,38,agn_038,6097,red,cross,right,head,blocked,false
185,АГН-38,38,agn_038,6168,blue,uppercut,left,head,miss,false
186,АГН-38,38,agn_038,6184,red,jab,left,body,miss,false
187,АГН-38,38,agn_038,6191,red,hook,left,body,landed,false
188,АГН-38,38,agn_038,6322,red,jab,left,body,blocked,true
189,АГН-38,38,agn_038,6432,red,jab,right,head,miss,true
190,АГН-38,38,agn_038,6551,blue,jab,right,head,landed,false
191,АГН-38,38,agn_038,6566,red,uppercut,right,body,landed,true
192,АГН-38,38,agn_038,6575,blue,uppercut,left,body,blocked,true
193,АГН-38,38,agn_038,6664,blue,cross,left,body,blocked,true
194,АГН-38,38,agn_038,6683,blue,jab,right,body,landed,false
195,АГН-38,38,agn_038,6719,red,hook,right,head,blocked,true
196,АГН-38,38,agn_038,6762,red,cross,left,body,miss,false
197,АГН-38,38,agn_038,6762,red,jab,right,body,landed,false
198,АГН-38,38,agn_038,6798,blue,hook,right,body,blocked,false
199,АГН-38,38,agn_038,6833,red,uppercut,right,body,blocked,true
200,АГН-38,38,agn_038,6874,red,jab,left,body,miss,true
201,АГН-38,38,agn_038,6887,blue,hook,left,body,landed,false
202,АГН-38,38,agn_038,6945,red,cross,left,body,blocked,false
203,АГН-38,38,agn_038,6989,blue,uppercut,left,head,miss,false
204,АГН-38,38,agn_038,7036,blue,uppercut,right,head,blocked,false
205,АГН-38,38,agn_038,7080,blue,jab,right,body,miss,true
206,АГН-38,38,agn_038,7109,red,uppercut,left,head,blocked,false
207,АГН-38,38,agn_038,7157,blue,uppercut,left,body,landed,true
208,АГН-38,38,agn_038,7161,blue,jab,right,body,blocked,false
209,АГН-38,38,agn_038,7230,blue,uppercut,right,head,landed,false
210,АГН-38,38,agn_038,7332,red,hook,right,head,blocked,true
211,АГН-38,38,agn_038,7362,red,jab,right,body,miss,true
212,АГН-38,38,agn_038,7402,red,jab,left,body,blocked,false
213,АГН-38,38,agn_038,7576,red,uppercut,left,head,blocked,true
214,АГН-38,38,agn_038,7651,blue,cross,left,body,miss,false
215,АГН-38,38,agn_038,7652,red,hook,left,head,landed,false
216,АГН-38,38,agn_038,7659,red,jab,left,head,blocked,true
217,АГН-38,38,agn_038,7675,blue,jab,left,body,blocked,false
218,АГН-38,38,agn_038,7716,blue,uppercut,right,head,miss,false
219,АГН-38,38,agn_038,7743,blue,hook,left,head,miss,false
220,АГН-38,38,agn_038,7770,blue,cross,left,body,miss,true
221,АГН-38,38,agn_038,7771,blue,cross,left,head,landed,false
222,АГН-38,38,agn_038,7813,blue,uppercut,right,body,miss,false
223,АГН-38,38,agn_038,7848,red,uppercut,left,head,landed,false
224,АГН-38,38,agn_038,7850,red,hook,right,body,blocked,false
225,АГН-38,38,agn_038,7876,blue,uppercut,left,head,blocked,true
226,АГН-38,38,agn_038,7894,blue,uppercut,left,body,blocked,false
227,АГН-38,38,agn_038,7926,blue,uppercut,right,head,blocked,true
228,АГН-38,38,agn_038,7941,red,uppercut,left,body,miss,true
229,АГН-38,38,agn_038,7960,red,hook,right,head,blocked,false
230,АГН-39,39,agn_039,605,blue,cross,left,head,landed,false
231,АГН-39,39,agn_039,693,blue,uppercut,right,head,landed,false
232,АГН-39,39,agn_039,838,red,hook,right,head,blocked,false
233,АГН-39,39,agn_039,1063,blue,hook,left,head,blocked,true
234,АГН-39,39,agn_039,1101,red,hook,right,body,miss,true
235,АГН-39,39,agn_039,1108,red,uppercut,right,head,miss,false
236,АГН-39,39,agn_039,1623,blue,cross,left,head,blocked,false
237,АГН-39,39,agn_039,1698,blue,cross,left,body,miss,false
238,АГН-39,39,agn_039,1739,blue,cross,right,head,blocked,false
239,АГН-39,39,agn_039,1988,red,cross,left,body,landed,false
240,АГН-39,39,agn_039,1996,red,cross,right,body,landed,true
241,АГН-39,39,agn_039,2194,blue,hook,right,body,landed,false
242,АГН-39,39,agn_039,2273,blue,uppercut,left,head,landed,false
243,АГН-39,39,agn_039,2353,blue,hook,right,body,landed,false
244,АГН-39,39,agn_039,2513,blue,hook,right,body,landed,true
245,АГН-39,39,agn_039,2527,red,cross,left,body,landed,false
246,АГН-39,39,agn_039,2589,blue,uppercut,right,body,landed,false
247,АГН-39,39,agn_039,2804,blue,jab,left,head,landed,false
248,АГН-39,39,agn_039,2868,blue,uppercut,left,head,landed,false
249,АГН-39,39,agn_039,2956,blue,hook,left,head,blocked,false
250,АГН-39,39,agn_039,3048,blue,uppercut,left,body,blocked,false
251,АГН-39,39,agn_039,3453,blue,jab,right,body,miss,false
252,АГН-39,39,agn_039,3515,blue,uppercut,left,head,landed,true
253,АГН-39,39,agn_039,3533,red,uppercut,left,body,landed,false
254,АГН-39,39,agn_039,3862,blue,jab,right,head,landed,false
255,АГН-39,39,agn_039,4061,red,jab,left,body,blocked,false
256,АГН-39,39,agn_039,4067,red,hook,right,head,landed,false
257,АГН-39,39,agn_039,4469,blue,cross,right,head,landed,false
258,АГН-39,39,agn_039,4496,red,hook,left,head,miss,true
259,АГН-39,39,agn_039,4582,red,cross,left,body,blocked,false
260,АГН-39,39,agn_039,4609,blue,uppercut,right,head,landed,false
261,АГН-39,39,agn_039,4687,blue,jab,right,body,landed,false
262,АГН-39,39,agn_039,4846,red,jab,right,head,miss,false
263,АГН-39,39,agn_039,5021,blue,uppercut,left,body,blocked,false
264,АГН-39,39,agn_039,5070,blue,cross,right,body,blocked,false
265,АГН-39,39,agn_039,5080,blue,uppercut,right,head,miss,true
266,АГН-39,39,agn_039,5286,red,hook,right,head,blocked,true
267,АГН-39,39,agn_039,5727,red,uppercut,left,body,miss,false
268,АГН-39,39,agn_039,5780,red,uppercut,left,head,miss,false
269,АГН-39,39,agn_039,5952,red,jab,left,body,landed,true
270,АГН-39,39,agn_039,5968,red,uppercut,right,body,landed,true
271,АГН-39,39,agn_039,5990,red,cross,right,head,landed,true
272,АГН-39,39,agn_039,6012,blue,hook,right,head,landed,true
273,АГН-39,39,agn_039,6044,blue,cross,left,head,blocked,false
274,АГН-39,39,agn_039,6116,blue,jab,right,head,blocked,true
275,АГН-39,39,agn_039,6256,blue,cross,left,head,blocked,true
276,АГН-39,39,agn_039,7159,blue,uppercut,right,body,landed,false
277,АГН-39,39,agn_039,7372,blue,hook,left,head,landed,false
278,АГН-39,39,agn_039,7406,red,uppercut,left,body,miss,false
279,АГН-39,39,agn_039,7648,blue,hook,right,head,landed,false
280,АГН-39,39,agn_039,7842,blue,uppercut,left,head,blocked,true
281,АГН-39,39,agn_039,7873,blue,jab,left,body,landed,true
282,АГН-39,39,agn_039,7912,red,uppercut,right,body,landed,true
283,АГН-39,39,agn_039,8151,blue,hook,left,body,landed,false
284,АГН-39,39,agn_039,8189,red,cross,left,body,blocked,true
285,АГН-39,39,agn_039,8238,red,jab,left,body,landed,true
286,АГН-39,39,agn_039,8281,blue,cross,left,body,landed,true
287,АГН-47,47,agn_047,16,blue,jab,right,body,blocked,false
288,АГН-47,47,agn_047,98,blue,cross,right,head,landed,false
289,АГН-47,47,agn_047,119,blue,cross,left,head,landed,true
290,АГН-47,47,agn_047,136,blue,jab,right,body,landed,false
291,АГН-47,47,agn_047,155,blue,cross,left,body,landed,false
292,АГН-47,47,agn_047,262,blue,jab,left,head,landed,false
293,АГН-47,47,agn_047,301,blue,uppercut,left,head,landed,false
294,АГН-47,47,agn_047,372,red,jab,right,head,blocked,true
295,АГН-47,47,agn_047,384,blue,uppercut,right,body,landed,false
296,АГН-47,47,agn_047,472,blue,uppercut,left,head,blocked,true
297,АГН-47,47,agn_047,496,blue,uppercut,right,head,blocked,true
298,АГН-47,47,agn_047,521,blue,cross,right,head,blocked,false
299,АГН-47,47,agn_047,529,blue,jab,left,head,miss,true
300,АГН-47,47,agn_047,532,red,jab,right,head,blocked,false
301,АГН-47,47,agn_047,535,red,jab,left,body,miss,true
302,АГН-47,47,agn_047,535,red,cross,left,head,landed,false
303,АГН-47,47,agn_047,538,red,jab,left,body,blocked,false
304,АГН-47,47,agn_047,558,red,cross,right,head,blocked,false
305,АГН-47,47,agn_047,604,blue,jab,left,head,blocked,false
306,АГН-47,47,agn_047,609,red,cross,left,body,blocked,true
307,АГН-47,47,agn_047,713,blue,uppercut,left,body,landed,false
308,АГН-47,47,agn_047,718,red,jab,right,head,miss,true
309,АГН-47,47,agn_047,740,blue,cross,left,body,blocked,false
310,АГН-47,47,agn_047,785,blue,cross,left,body,blocked,false
311,АГН-47,47,agn_047,813,red,hook,left,head,blocked,true
312,АГН-47,47,agn_047,858,blue,jab,right,head,landed,true
313,АГН-47,47,agn_047,864,blue,jab,left,body,blocked,false
314,АГН-47,47,agn_047,867,blue,hook,left,head,blocked,false
315,АГН-47,47,agn_047,907,red,uppercut,right,head,blocked,true
316,АГН-47,47,agn_047,908,blue,uppercut,left,head,miss,true
317,АГН-47,47,agn_047,997,blue,uppercut,right,head,miss,true
318,АГН-47,47,agn_047,1021,blue,jab,right,head,miss,true
319,АГН-47,47,agn_047,1035,blue,cross,left,body,miss,true
320,АГН-47,47,agn_047,1045,blue,uppercut,right,body,miss,true
321,АГН-47,47,agn_047,1064,red,hook,right,body,landed,false
322,АГН-47,47,agn_047,1100,red,uppercut,left,head,blocked,true
323,АГН-47,47,agn_047,1137,red,jab,right,head,blocked,false
324,АГН-47,47,agn_047,1139,red,hook,right,body,landed,false
325,АГН-47,47,agn_047,1144,blue,uppercut,left,body,miss,false
326,АГН-47,47,agn_047,1167,blue,hook,right,body,landed,true
327,АГН-47,47,agn_047,1169,blue,cross,right,body,landed,true
328,АГН-47,47,agn_047,1207,blue,hook,right,body,blocked,true
329,АГН-47,47,agn_047,1207,blue,cross,left,body,blocked,true
330,АГН-47,47,agn_047,1257,blue,hook,left,head,miss,true
331,АГН-47,47,agn_047,1263,blue,uppercut,left,head,miss,false
332,АГН-47,47,agn_047,1321,red,jab,left,head,blocked,true
333,АГН-47,47,agn_047,1368,red,uppercut,left,body,blocked,true
334,АГН-47,47,agn_047,1371,blue,hook,right,body,landed,false
335,АГН-47,47,agn_047,1426,red,hook,left,body,miss,true
336,АГН-47,47,agn_047,1445,red,hook,right,body,miss,true
337,АГН-47,47,agn_047,1462,red,jab,left,body,landed,true
338,АГН-47,47,agn_047,1486,red,jab,right,body,landed,false
339,АГН-47,47,agn_047,1520,red,jab,left,head,blocked,false
340,АГН-47,47,agn_047,1568,red,hook,left,head,blocked,false
341,АГН-47,47,agn_047,1591,blue,hook,right,body,miss,false
342,АГН-47,47,agn_047,1592,blue,jab,left,head,landed,false
343,АГН-47,47,agn_047,1594,blue,jab,left,head,miss,false
344,АГН-47,47,agn_047,1600,red,cross,left,body,landed,false
345,АГН-47,47,agn_047,1603,red,cross,left,head,miss,false
346,АГН-47,47,agn_047,1659,red,cross,right,body,landed,false
347,АГН-47,47,agn_047,1672,red,jab,left,head,landed,true
348,АГН-47,47,agn_047,1716,blue,uppercut,left,body,landed,true
349,АГН-47,47,agn_047,1805,blue,uppercut,left,head,miss,false
350,АГН-47,47,agn_047,1886,blue,cross,left,body,miss,false
351,АГН-47,47,agn_047,2051,red,jab,right,head,blocked,true
352,АГН-47,47,agn_047,2052,red,cross,right,body,blocked,false
353,АГН-47,47,agn_047,2070,red,jab,right,head,landed,false
354,АГН-47,47,agn_047,2083,red,cross,left,head,landed,false
355,АГН-47,47,agn_047,2107,blue,uppercut,right,body,blocked,false
356,АГН-47,47,agn_047,2175,red,hook,left,body,miss,true
357,АГН-47,47,agn_047,2227,blue,jab,right,body,blocked,true
358,АГН-47,47,agn_047,2240,blue,cross,right,body,miss,false
359,АГН-47,47,agn_047,2264,red,jab,left,head,blocked,true
360,АГН-47,47,agn_047,2308,blue,uppercut,right,head,blocked,true
361,АГН-47,47,agn_047,2325,red,cross,right,head,blocked,true
362,АГН-47,47,agn_047,2475,blue,hook,right,head,landed,false
363,АГН-47,47,agn_047,2495,blue,uppercut,left,head,landed,false
364,АГН-47,47,agn_047,2503,red,uppercut,right,body,landed,false
365,АГН-47,47,agn_047,2521,red,uppercut,left,head,blocked,true
366,АГН-47,47,agn_047,2530,red,uppercut,left,head,landed,true
367,АГН-47,47,agn_047,2546,red,cross,right,body,blocked,false
368,АГН-47,47,agn_047,2582,red,hook,right,body,miss,true
369,АГН-47,47,agn_047,2588,red,hook,left,body,miss,false
370,АГН-47,47,agn_047,2597,blue,uppercut,left,head,blocked,true
371,АГН-47,47,agn_047,2601,red,uppercut,right,head,landed,false
372,АГН-47,47,agn_047,2732,red,jab,right,head,miss,false
373,АГН-47,47,agn_047,2798,red,uppercut,right,head,miss,true
374,АГН-47,47,agn_047,2807,red,cross,left,head,miss,true
375,АГН-47,47,agn_047,2840,blue,uppercut,left,body,landed,true
376,АГН-47,47,agn_047,2916,blue,jab,left,body,miss,false
377,АГН-47,47,agn_047,2960,red,cross,right,body,miss,true
378,АГН-47,47,agn_047,3019,red,cross,right,body,blocked,true
379,АГН-47,47,agn_047,3020,red,jab,right,body,blocked,true
380,АГН-47,47,agn_047,3062,blue,uppercut,right,body,miss,false
381,АГН-47,47,agn_047,3064,blue,jab,left,head,blocked,false
382,АГН-47,47,agn_047,3065,blue,uppercut,left,head,miss,true
383,АГН-47,47,agn_047,3068,blue,hook,left,head,blocked,true
384,АГН-47,47,agn_047,3069,red,cross,left,head,blocked,true
385,АГН-47,47,agn_047,3079,red,uppercut,left,head,blocked,true
386,АГН-47,47,agn_047,3122,blue,uppercut,left,body,landed,true
387,АГН-47,47,agn_047,3124,blue,jab,right,head,miss,true
388,АГН-47,47,agn_047,3132,red,jab,left,head,miss,true
389,АГН-47,47,agn_047,3152,blue,cross,left,head,landed,false
390,АГН-47,47,agn_047,3168,red,jab,left,body,blocked,true
391,АГН-47,47,agn_047,3223,red,cross,left,body,miss,false
392,АГН-47,47,agn_047,3243,red,hook,right,body,miss,true
393,АГН-47,47,agn_047,3256,red,cross,left,body,landed,false
394,АГН-47,47,agn_047,3257,red,cross,right,head,blocked,false
395,АГН-47,47,agn_047,3278,red,hook,right,body,miss,true
396,АГН-47,47,agn_047,3291,red,uppercut,left,body,blocked,true
397,АГН-47,47,agn_047,3338,red,jab,right,head,landed,true
398,АГН-47,47,agn_047,3384,blue,uppercut,left,head,miss,true
399,АГН-47,47,agn_047,3399,red,hook,right,body,landed,true
400,АГН-47,47,agn_047,3487,blue,hook,right,head,miss,true
401,АГН-47,47,agn_047,3490,blue,uppercut,right,body,blocked,false
402,АГН-47,47,agn_047,3491,blue,hook,left,head,landed,false
403,АГН-47,47,agn_047,3507,red,hook,left,body,miss,false
404,АГН-47,47,agn_047,3610,red,cross,left,body,landed,false
405,АГН-47,47,agn_047,3637,red,jab,left,body,landed,true
406,АГН-47,47,agn_047,3641,red,cross,left,body,miss,false
407,АГН-47,47,agn_047,3651,red,uppercut,left,body,miss,false
408,АГН-47,47,agn_047,3737,red,hook,right,head,miss,false
409,АГН-47,47,agn_047,3769,blue,jab,left,body,miss,false
410,АГН-47,47,agn_047,3779,blue,jab,right,head,blocked,false
411,АГН-47,47,agn_047,3806,blue,cross,left,head,blocked,false
412,АГН-47,47,agn_047,3828,blue,hook,right,body,blocked,true
413,АГН-47,47,agn_047,3856,blue,uppercut,right,head,blocked,true
414,АГН-47,47,agn_047,3914,blue,jab,left,head,blocked,true
415,АГН-47,47,agn_047,3980,blue,hook,right,body,blocked,false
416,АГН-47,47,agn_047,4025,blue,uppercut,right,body,blocked,false
417,АГН-47,47,agn_047,4028,red,jab,left,body,miss,false
418,АГН-47,47,agn_047,4240,red,jab,left,head,blocked,false
419,АГН-47,47,agn_047,4250,blue,cross,left,body,miss,false
420,АГН-47,47,agn_047,4285,blue,cross,left,body,miss,false
421,АГН-47,47,agn_047,4379,blue,cross,left,head,miss,false
422,АГН-47,47,agn_047,4386,blue,cross,right,head,landed,false
423,АГН-47,47,agn_047,4427,red,cross,right,body,landed,true
424,АГН-47,47,agn_047,4473,red,hook,left,body,blocked,false
425,АГН-47,47,agn_047,4605,blue,jab,right,head,miss,false
426,АГН-47,47,agn_047,4671,red,uppercut,left,head,miss,true
427,АГН-47,47,agn_047,4685,blue,jab,left,head,miss,true
428,АГН-47,47,agn_047,4692,blue,cross,right,body,miss,true
429,АГН-47,47,agn_047,4742,red,jab,left,head,blocked,false
430,АГН-47,47,agn_047,4812,red,uppercut,right,head,landed,true
431,АГН-47,47,agn_047,4815,red,jab,left,head,miss,true
432,АГН-47,47,agn_047,4856,red,cross,right,body,blocked,false
433,АГН-47,47,agn_047,4897,blue,uppercut,right,head,miss,false
434,АГН-47,47,agn_047,4905,blue,jab,left,body,landed,false
435,АГН-47,47,agn_047,4981,blue,hook,left,body,miss,true
436,АГН-47,47,agn_047,5060,blue,uppercut,right,head,miss,true
437,АГН-47,47,agn_047,5065,blue,uppercut,left,head,miss,false
438,АГН-47,47,agn_047,5086,blue,cross,left,head,landed,true
439,АГН-47,47,agn_047,5117,red,uppercut,right,head,landed,true
440,АГН-47,47,agn_047,5128,red,jab,right,body,landed,false
441,АГН-47,47,agn_047,5168,blue,cross,right,head,miss,false
442,АГН-47,47,agn_047,5203,blue,uppercut,right,head,miss,false
443,АГН-47,47,agn_047,5227,red,cross,left,head,blocked,true
444,АГН-47,47,agn_047,5234,blue,jab,left,head,miss,true
445,АГН-47,47,agn_047,5259,red,cross,right,body,landed,false
446,АГН-47,47,agn_047,5295,red,uppercut,left,head,miss,true
447,АГН-47,47,agn_047,5324,blue,jab,left,head,blocked,false
448,АГН-47,47,agn_047,5356,blue,cross,left,body,landed,false
449,АГН-47,47,agn_047,5361,blue,uppercut,left,head,blocked,true
450,АГН-47,47,agn_047,5428,red,cross,left,head,miss,true
451,АГН-47,47,agn_047,5450,red,jab,left,head,blocked,false
452,АГН-47,47,agn_047,5458,blue,jab,right,head,miss,false
453,АГН-47,47,agn_047,5461,red,cross,right,body,miss,true
454,АГН-47,47,agn_047,5501,blue,jab,right,body,miss,false
455,АГН-47,47,agn_047,5529,red,uppercut,left,head,blocked,false
456,АГН-47,47,agn_047,5549,red,uppercut,left,body,landed,false
457,АГН-47,47,agn_047,5564,red,cross,left,body,landed,false
458,АГН-47,47,agn_047,5599,blue,cross,left,body,landed,false
459,АГН-48,48,agn_048,149,blue,jab,left,body,blocked,true
460,АГН-48,48,agn_048,424,red,jab,right,head,miss,true
461,АГН-48,48,agn_048,866,blue,cross,right,body,landed,false
462,АГН-48,48,agn_048,922,red,hook,right,head,landed,true
463,АГН-48,48,agn_048,963,blue,cross,left,head,miss,true
464,АГН-48,48,agn_048,1256,red,jab,left,head,landed,false
465,АГН-48,48,agn_048,1565,blue,hook,right,head,landed,true
466,АГН-48,48,agn_048,1629,blue,jab,left,body,miss,true
467,АГН-48,48,agn_048,1946,red,uppercut,right,body,miss,true
468,АГН-48,48,agn_048,2043,blue,hook,left,body,miss,true
469,АГН-48,48,agn_048,2110,red,cross,left,body,landed,true
470,АГН-48,48,agn_048,2397,red,hook,left,head,blocked,true
471,АГН-48,48,agn_048,2793,blue,jab,right,head,miss,true
472,АГН-48,48,agn_048,2933,blue,uppercut,right,head,landed,false
473,АГН-48,48,agn_048,2960,red,jab,right,body,landed,true
474,АГН-48,48,agn_048,2967,blue,uppercut,right,body,miss,true
475,АГН-48,48,agn_048,3081,red,hook,left,head,miss,true
476,АГН-48,48,agn_048,4001,red,uppercut,left,head,landed,true
477,АГН-48,48,agn_048,4068,blue,jab,right,body,landed,false
478,АГН-48,48,agn_048,4244,red,cross,left,head,blocked,false
479,АГН-48,48,agn_048,4270,blue,cross,right,body,landed,false
480,АГН-48,48,agn_048,4752,blue,uppercut,right,body,landed,true
481,АГН-48,48,agn_048,5000,red,hook,right,body,landed,true
482,АГН-48,48,agn_048,5127,blue,cross,left,head,landed,true
483,АГН-48,48,agn_048,5210,blue,cross,right,body,blocked,true
484,АГН-48,48,agn_048,5298,red,hook,right,head,miss,true
485,АГН-48,48,agn_048,5528,blue,uppercut,right,body,blocked,true
486,АГН-48,48,agn_048,5799,blue,hook,right,body,miss,true
487,АГН-48,48,agn_048,5882,blue,cross,right,head,miss,false
488,АГН-48,48,agn_048,6013,red,hook,left,body,blocked,false
489,АГН-48,48,agn_048,6018,red,jab,left,head,landed,false
490,АГН-48,48,agn_048,6097,red,uppercut,left,body,blocked,false
491,АГН-48,48,agn_048,6150,red,uppercut,right,body,miss,false
492,АГН-48,48,agn_048,6203,red,jab,left,body,miss,false
493,АГН-48,48,agn_048,6449,red,hook,left,body,miss,false
494,АГН-48,48,agn_048,6451,blue,jab,left,head,miss,true
495,АГН-48,48,agn_048,6643,red,cross,left,body,miss,false
496,АГН-48,48,agn_048,6664,red,hook,left,body,blocked,false
497,АГН-48,48,agn_048,6968,red,cross,left,body,miss,true
498,АГН-48,48,agn_048,7239,blue,hook,left,head,landed,true
499,АГН-48,48,agn_048,8074,red,uppercut,left,body,blocked,true
500,АГН-48,48,agn_048,8351,red,jab,right,body,miss,true
501,АГН-48,48,agn_048,8444,blue,uppercut,left,body,landed,true
502,АГН-48,48,agn_048,8648,blue,hook,left,body,landed,true
503,АГН-49,49,agn_049,125,red,cross,left,body,landed,true
504,АГН-49,49,agn_049,297,blue,uppercut,left,body,landed,true
505,АГН-49,49,agn_049,344,blue,jab,right,body,miss,false
506,АГН-49,49,agn_049,455,blue,cross,right,body,miss,true
507,АГН-49,49,agn_049,508,red,uppercut,right,head,blocked,false
508,АГН-49,49,agn_049,596,red,cross,right,head,blocked,false
509,АГН-49,49,agn_049,639,red,jab,left,head,landed,false
510,АГН-49,49,agn_049,710,blue,jab,left,head,blocked,false
511,АГН-49,49,agn_049,823,red,jab,left,body,miss,false
512,АГН-49,49,agn_049,1099,blue,hook,left,head,blocked,true
513,АГН-49,49,agn_049,1122,blue,uppercut,right,head,miss,true
514,АГН-49,49,agn_049,1124,red,cross,left,head,miss,true
515,АГН-49,49,agn_049,1210,red,jab,left,head,landed,false
516,АГН-49,49,agn_049,1270,blue,cross,left,head,miss,false
517,АГН-49,49,agn_049,1474,red,uppercut,right,body,blocked,false
518,АГН-49,49,agn_049,2032,red,hook,right,head,blocked,false
519,АГН-49,49,agn_049,2088,red,hook,left,body,blocked,true
520,АГН-49,49,agn_049,2175,red,jab,right,head,miss,false
521,АГН-49,49,agn_049,2357,red,uppercut,right,body,landed,false
522,АГН-49,49,agn_049,2416,red,cross,right,body,miss,false
523,АГН-49,49,agn_049,2418,red,cross,right,head,blocked,true
524,АГН-49,49,agn_049,2444,red,hook,right,body,miss,false
525,АГН-49,49,agn_049,2526,blue,hook,right,body,landed,false
526,АГН-49,49,agn_049,2569,blue,cross,right,head,blocked,false
527,АГН-49,49,agn_049,2686,blue,cross,right,body,miss,false
528,АГН-49,49,agn_049,2700,blue,jab,right,body,miss,true
529,АГН-49,49,agn_049,3077,red,cross,right,head,landed,false
530,АГН-49,49,agn_049,3249,red,hook,right,body,blocked,false
531,АГН-49,49,agn_049,3387,blue,hook,left,head,miss,false
532,АГН-49,49,agn_049,3657,red,cross,left,body,blocked,true
533,АГН-49,49,agn_049,3793,red,uppercut,right,head,blocked,true
534,АГН-49,49,agn_049,3911,red,hook,right,body,miss,true
535,АГН-49,49,agn_049,3917,red,uppercut,right,body,miss,false
536,АГН-49,49,agn_049,4090,blue,hook,right,body,blocked,true
537,АГН-49,49,agn_049,4155,blue,hook,right,head,blocked,false
538,АГН-49,49,agn_049,4262,blue,jab,left,body,landed,false
539,АГН-49,49,agn_049,4304,blue,hook,left,body,miss,false
540,АГН-49,49,agn_049,4332,red,cross,left,head,blocked,false
541,АГН-49,49,agn_049,4387,red,jab,right,body,miss,true
542,АГН-49,49,agn_049,4421,red,jab,left,body,landed,false
543,АГН-49,49,agn_049,4433,red,jab,right,head,blocked,false
544,АГН-49,49,agn_049,4475,blue,hook,right,head,landed,false
545,АГН-49,49,agn_049,4553,blue,jab,right,body,miss,false
546,АГН-49,49,agn_049,4571,blue,cross,right,body,miss,true
547,АГН-49,49,agn_049,4577,blue,hook,left,body,blocked,true
548,АГН-49,49,agn_049,4608,red,cross,left,body,miss,false
549,АГН-49,49,agn_049,4730,blue,cross,right,head,miss,true
550,АГН-49,49,agn_049,5037,red,cross,left,head,landed,true
551,АГН-49,49,agn_049,5226,red,jab,left,body,blocked,false
552,АГН-49,49,agn_049,5517,blue,uppercut,left,head,blocked,false
553,АГН-49,49,agn_049,5519,red,uppercut,right,head,miss,false
554,АГН-49,49,agn_049,5654,blue,hook,right,body,miss,false
555,АГН-49,49,agn_049,5654,red,hook,right,head,landed,true
556,АГН-49,49,agn_049,5704,blue,uppercut,left,body,blocked,true
557,АГН-49,49,agn_049,5989,blue,hook,left,head,miss,false
558,АГН-49,49,agn_049,6027,red,cross,left,body,miss,false
559,АГН-49,49,agn_049,6109,red,jab,left,body,blocked,true
560,АГН-49,49,agn_049,6122,blue,cross,left,body,miss,false
561,АГН-49,49,agn_049,6180,blue,cross,left,body,miss,true
562,АГН-49,49,agn_049,6204,red,cross,left,body,miss,false
563,АГН-49,49,agn_049,6239,blue,cross,right,body,blocked,true
564,АГН-49,49,agn_049,6297,red,cross,left,head,blocked,true
565,АГН-62,62,agn_062,5,blue,cross,left,body,landed,false
566,АГН-62,62,agn_062,5,blue,cross,left,body,miss,true
567,АГН-62,62,agn_062,39,blue,cross,left,body,blocked,false
568,АГН-62,62,agn_062,43,blue,uppercut,right,body,miss,false
569,АГН-62,62,agn_062,47,blue,jab,left,head,miss,false
570,АГН-62,62,agn_062,52,red,cross,left,body,blocked,false
571,АГН-62,62,agn_062,97,red,hook,right,head,miss,false
572,АГН-62,62,agn_062,100,blue,uppercut,right,head,miss,false
573,АГН-62,62,agn_062,101,red,hook,left,body,miss,true
574,АГН-62,62,agn_062,107,red,uppercut,left,body,miss,true
575,АГН-62,62,agn_062,117,red,jab,right,head,blocked,true
576,АГН-62,62,agn_062,128,red,cross,right,head,blocked,true
577,АГН-62,62,agn_062,130,blue,hook,left,body,miss,true
578,АГН-62,62,agn_062,146,red,cross,left,body,blocked,true
579,АГН-62,62,agn_062,150,blue,hook,right,body,landed,false
580,АГН-62,62,agn_062,207,red,uppercut,right,head,miss,false
581,АГН-62,62,agn_062,213,blue,cross,left,body,landed,false
582,АГН-62,62,agn_062,214,blue,cross,left,head,miss,true
583,АГН-62,62,agn_062,226,red,hook,right,body,miss,false
584,АГН-62,62,agn_062,233,red,hook,right,head,miss,false
585,АГН-62,62,agn_062,237,blue,jab,left,body,landed,true
586,АГН-62,62,agn_062,239,red,cross,right,body,blocked,true
587,АГН-62,62,agn_062,255,red,uppercut,right,body,miss,false
588,АГН-62,62,agn_062,270,blue,jab,right,head,blocked,false
589,АГН-62,62,agn_062,274,red,uppercut,right,head,miss,false
590,АГН-62,62,agn_062,278,red,jab,left,head,miss,true
591,АГН-62,62,agn_062,289,blue,hook,left,body,miss,true
592,АГН-62,62,agn_062,309,blue,hook,left,body,blocked,true
593,АГН-62,62,agn_062,309,red,hook,left,body,miss,true
594,АГН-62,62,agn_062,310,red,jab,left,head,blocked,true
595,АГН-62,62,agn_062,323,blue,hook,right,body,miss,true
596,АГН-62,62,agn_062,325,red,hook,right,body,blocked,true
597,АГН-62,62,agn_062,326,blue,jab,right,body,miss,true
598,АГН-62,62,agn_062,327,red,hook,left,body,blocked,false
599,АГН-62,62,agn_062,349,blue,jab,right,head,miss,true
600,АГН-62,62,agn_062,350,red,hook,right,body,blocked,true
601,АГН-62,62,agn_062,354,red,jab,left,head,landed,false
602,АГН-62,62,agn_062,359,red,hook,left,head,landed,true
603,АГН-62,62,agn_062,360,red,cross,left,body,blocked,false
604,АГН-62,62,agn_062,369,red,uppercut,right,head,blocked,false
605,АГН-62,62,agn_062,403,blue,hook,right,head,blocked,false
606,АГН-62,62,agn_062,406,blue,uppercut,left,head,blocked,true
607,АГН-62,62,agn_062,407,blue,uppercut,right,head,landed,false
608,АГН-62,62,agn_062,424,blue,hook,left,body,miss,true
609,АГН-62,62,agn_062,426,blue,cross,right,body,miss,true
610,АГН-62,62,agn_062,426,red,jab,left,body,blocked,true
611,АГН-62,62,agn_062,459,red,cross,left,body,blocked,false
612,АГН-62,62,agn_062,465,blue,hook,left,head,miss,false
613,АГН-62,62,agn_062,490,red,hook,left,head,landed,false
614,АГН-62,62,agn_062,492,blue,hook,left,body,landed,false
615,АГН-62,62,agn_062,511,blue,jab,left,body,landed,false
616,АГН-62,62,agn_062,516,red,uppercut,right,body,blocked,true
617,АГН-62,62,agn_062,541,blue,jab,left,body,miss,false
618,АГН-62,62,agn_062,545,blue,hook,right,head,landed,false
619,АГН-62,62,agn_062,553,blue,cross,left,body,blocked,false
620,АГН-62,62,agn_062,564,red,uppercut,right,body,miss,false
621,АГН-62,62,agn_062,576,blue,uppercut,left,body,landed,true
622,АГН-62,62,agn_062,597,blue,cross,left,head,miss,true
623,АГН-62,62,agn_062,603,red,hook,left,body,blocked,true
624,АГН-62,62,agn_062,607,blue,cross,right,head,miss,true
625,АГН-62,62,agn_062,647,red,cross,right,body,miss,true
626,АГН-62,62,agn_062,648,blue,hook,left,head,miss,false
627,АГН-62,62,agn_062,659,blue,hook,left,head,miss,true
628,АГН-62,62,agn_062,672,blue,cross,right,head,miss,false
629,АГН-62,62,agn_062,676,blue,jab,right,body,landed,false
630,АГН-62,62,agn_062,721,blue,uppercut,right,head,blocked,true
631,АГН-62,62,agn_062,722,red,hook,left,body,landed,true
632,АГН-62,62,agn_062,739,red,cross,left,head,miss,false
633,АГН-62,62,agn_062,739,red,hook,left,head,blocked,false
634,АГН-62,62,agn_062,764,blue,hook,left,body,miss,true
635,АГН-62,62,agn_062,778,red,jab,left,head,blocked,false
636,АГН-62,62,agn_062,796,blue,hook,right,body,landed,true
637,АГН-62,62,agn_062,803,red,uppercut,left,body,landed,true
638,АГН-62,62,agn_062,819,blue,jab,left,body,blocked,false
639,АГН-62,62,agn_062,821,red,uppercut,right,head,landed,false
640,АГН-62,62,agn_062,829,red,uppercut,left,head,miss,true
641,АГН-62,62,agn_062,840,blue,uppercut,left,head,landed,false
642,АГН-62,62,agn_062,841,blue,hook,left,head,landed,false
643,АГН-62,62,agn_062,843,red,jab,right,head,landed,false
644,АГН-62,62,agn_062,882,blue,jab,left,body,blocked,true
645,АГН-62,62,agn_062,895,red,hook,left,head,miss,false
646,АГН-62,62,agn_062,904,red,jab,left,head,landed,true
647,АГН-62,62,agn_062,908,red,hook,right,body,miss,true
648,АГН-62,62,agn_062,920,red,cross,left,body,landed,false
649,АГН-62,62,agn_062,921,blue,cross,left,head,landed,true
650,АГН-62,62,agn_062,924,blue,uppercut,right,head,blocked,false
651,АГН-62,62,agn_062,925,blue,uppercut,left,head,blocked,false
652,АГН-62,62,agn_062,932,red,cross,left,body,miss,true
653,АГН-62,62,agn_062,933,blue,uppercut,right,body,miss,false
654,АГН-62,62,agn_062,934,red,cross,left,body,blocked,false
655,АГН-62,62,agn_062,939,blue,uppercut,left,head,landed,false
656,АГН-62,62,agn_062,947,blue,hook,right,body,miss,false
657,АГН-62,62,agn_062,950,blue,jab,right,head,landed,true
658,АГН-62,62,agn_062,950,red,hook,right,body,blocked,true
659,АГН-62,62,agn_062,961,red,cross,right,body,landed,true
660,АГН-62,62,agn_062,970,red,cross,left,body,blocked,false
661,АГН-62,62,agn_062,985,blue,cross,left,head,landed,true
662,АГН-62,62,agn_062,993,blue,cross,left,body,blocked,false
663,АГН-62,62,agn_062,994,red,jab,left,head,landed,false
664,АГН-62,62,agn_062,1009,red,jab,right,head,blocked,true
665,АГН-62,62,agn_062,1017,blue,uppercut,left,body,miss,true
666,АГН-62,62,agn_062,1038,red,hook,right,head,miss,false
667,АГН-62,62,agn_062,1047,red,cross,left,head,landed,true
668,АГН-62,62,agn_062,1048,blue,cross,right,head,landed,false
669,АГН-62,62,agn_062,1050,blue,hook,left,body,blocked,true
670,АГН-62,62,agn_062,1062,blue,uppercut,right,head,miss,true
671,АГН-62,62,agn_062,1066,red,uppercut,left,head,landed,false
672,АГН-62,62,agn_062,1075,red,jab,left,body,blocked,false
673,АГН-62,62,agn_062,1083,red,cross,right,head,miss,false
674,АГН-62,62,agn_062,1092,red,uppercut,left,head,blocked,true
675,АГН-62,62,agn_062,1100,blue,uppercut,right,body,blocked,false
676,АГН-62,62,agn_062,1100,red,jab,left,head,miss,false
677,АГН-62,62,agn_062,1111,red,cross,left,head,landed,true
678,АГН-62,62,agn_062,1123,blue,cross,left,head,miss,true
679,АГН-62,62,agn_062,1124,blue,cross,left,head,blocked,false
680,АГН-62,62,agn_062,1125,red,hook,right,body,landed,false
681,АГН-62,62,agn_062,1138,blue,hook,left,body,landed,true
682,АГН-62,62,agn_062,1143,red,cross,left,body,blocked,false
683,АГН-62,62,agn_062,1161,blue,jab,right,head,landed,false
684,АГН-62,62,agn_062,1177,blue,hook,right,head,miss,false
685,АГН-62,62,agn_062,1181,red,cross,left,body,blocked,false
686,АГН-62,62,agn_062,1189,blue,jab,right,body,blocked,false
687,АГН-62,62,agn_062,1214,red,hook,left,head,landed,false
688,АГН-62,62,agn_062,1221,red,jab,left,body,miss,true
689,АГН-62,62,agn_062,1229,red,jab,right,head,blocked,true
690,АГН-62,62,agn_062,1238,red,jab,right,body,miss,true
691,АГН-62,62,agn_062,1251,blue,jab,left,body,blocked,true
692,АГН-62,62,agn_062,1275,blue,jab,left,head,blocked,false
693,АГН-62,62,agn_062,1278,red,hook,right,head,landed,false
694,АГН-62,62,agn_062,1289,red,hook,right,body,miss,false
695,АГН-62,62,agn_062,1320,red,jab,left,body,miss,true
696,АГН-62,62,agn_062,1334,red,cross,left,head,blocked,false
697,АГН-62,62,agn_062,1367,blue,cross,right,head,landed,false
698,АГН-62,62,agn_062,1371,blue,jab,right,head,landed,true
699,АГН-62,62,agn_062,1393,red,jab,right,body,miss,false
700,АГН-62,62,agn_062,1403,red,hook,right,body,landed,true
701,АГН-62,62,agn_062,1446,blue,uppercut,left,body,blocked,false
702,АГН-62,62,agn_062,1458,blue,hook,left,body,miss,true
703,АГН-62,62,agn_062,1458,red,uppercut,left,head,landed,true
704,АГН-62,62,agn_062,1464,blue,jab,left,head,blocked,true
705,АГН-62,62,agn_062,1465,blue,cross,right,head,blocked,false
706,АГН-62,62,agn_062,1469,red,jab,right,head,blocked,false
707,АГН-62,62,agn_062,1470,red,uppercut,left,head,blocked,false
708,АГН-62,62,agn_062,1472,red,uppercut,right,body,blocked,true
709,АГН-62,62,agn_062,1481,blue,uppercut,right,head,miss,true
710,АГН-62,62,agn_062,1484,blue,hook,left,head,blocked,false
711,АГН-62,62,agn_062,1494,red,hook,left,body,miss,false
712,АГН-62,62,agn_062,1507,blue,uppercut,right,head,landed,true
713,АГН-62,62,agn_062,1514,blue,uppercut,right,head,blocked,true
714,АГН-62,62,agn_062,1516,red,hook,left,body,miss,true
715,АГН-62,62,agn_062,1526,blue,uppercut,left,head,blocked,false
716,АГН-62,62,agn_062,1539,blue,cross,right,body,miss,false
717,АГН-62,62,agn_062,1541,blue,hook,right,head,blocked,true
718,АГН-62,62,agn_062,1554,red,hook,right,body,blocked,true
719,АГН-62,62,agn_062,1556,blue,hook,right,body,landed,true
720,АГН-62,62,agn_062,1572,red,jab,right,head,blocked,true
721,АГН-62,62,agn_062,1598,blue,uppercut,right,body,blocked,false
722,АГН-62,62,agn_062,1617,blue,hook,right,head,miss,true
723,АГН-62,62,agn_062,1637,blue,cross,right,body,landed,true
724,АГН-62,62,agn_062,1639,blue,hook,left,head,landed,true
725,АГН-62,62,agn_062,1640,blue,jab,left,body,miss,false
726,АГН-62,62,agn_062,1643,blue,hook,left,body,blocked,false
727,АГН-62,62,agn_062,1643,blue,cross,right,head,landed,false
728,АГН-62,62,agn_062,1655,red,uppercut,left,head,landed,false
729,АГН-62,62,agn_062,1663,blue,cross,right,head,miss,true
730,АГН-62,62,agn_062,1668,blue,cross,left,body,miss,true
731,АГН-62,62,agn_062,1683,red,uppercut,right,head,landed,false
732,АГН-62,62,agn_062,1695,red,hook,left,body,landed,false
733,АГН-62,62,agn_062,1712,red,cross,right,body,miss,true
734,АГН-62,62,agn_062,1726,red,uppercut,left,head,miss,false
735,АГН-62,62,agn_062,1732,red,cross,left,body,miss,true
736,АГН-62,62,agn_062,1753,blue,hook,left,body,miss,true
737,АГН-62,62,agn_062,1767,red,jab,right,body,miss,false
738,АГН-62,62,agn_062,1784,blue,cross,right,body,blocked,false
739,АГН-62,62,agn_062,1785,red,hook,right,head,miss,true
740,АГН-62,62,agn_062,1789,red,uppercut,right,head,landed,true
741,АГН-62,62,agn_062,1790,blue,cross,left,body,miss,true
742,АГН-62,62,agn_062,1792,blue,cross,left,body,blocked,true
743,АГН-62,62,agn_062,1808,blue,cross,left,head,miss,true
744,АГН-62,62,agn_062,1818,red,uppercut,right,body,blocked,true
745,АГН-62,62,agn_062,1819,blue,hook,right,head,landed,false
746,АГН-62,62,agn_062,1821,red,cross,left,body,landed,true
747,АГН-62,62,agn_062,1828,red,uppercut,right,body,landed,true
748,АГН-62,62,agn_062,1829,blue,uppercut,right,body,blocked,false
749,АГН-62,62,agn_062,1839,red,jab,left,body,blocked,false
750,АГН-62,62,agn_062,1847,red,hook,right,head,landed,false
751,АГН-62,62,agn_062,1850,blue,hook,right,head,landed,false
752,АГН-62,62,agn_062,1853,red,uppercut,left,body,blocked,true
753,АГН-62,62,agn_062,1879,blue,uppercut,right,head,blocked,true
754,АГН-62,62,agn_062,1882,blue,uppercut,left,head,landed,true
755,АГН-62,62,agn_062,1883,red,jab,right,body,landed,false
756,АГН-62,62,agn_062,1908,blue,jab,right,head,miss,false
757,АГН-62,62,agn_062,1923,red,hook,left,head,landed,true
758,АГН-62,62,agn_062,1929,blue,cross,right,body,landed,true
759,АГН-62,62,agn_062,1937,blue,hook,left,body,miss,true
760,АГН-62,62,agn_062,1939,blue,hook,right,body,miss,false
761,АГН-62,62,agn_062,1948,red,uppercut,right,body,blocked,true
762,АГН-62,62,agn_062,1949,blue,hook,left,head,miss,false
763,АГН-62,62,agn_062,1969,red,hook,right,body,blocked,true
764,АГН-62,62,agn_062,1973,blue,hook,left,head,miss,false
765,АГН-62,62,agn_062,1982,blue,cross,right,body,landed,false
766,АГН-62,62,agn_062,2024,red,cross,right,head,miss,true
767,АГН-62,62,agn_062,2028,red,hook,left,head,blocked,true
768,АГН-62,62,agn_062,2053,red,uppercut,right,body,miss,false
769,АГН-62,62,agn_062,2055,red,uppercut,left,head,landed,true
770,АГН-62,62,agn_062,2061,red,uppercut,left,body,landed,true
771,АГН-62,62,agn_062,2072,blue,hook,right,head,miss,true
772,АГН-62,62,agn_062,2083,red,uppercut,right,head,blocked,false
773,АГН-62,62,agn_062,2085,blue,cross,left,body,miss,false
774,АГН-62,62,agn_062,2100,red,uppercut,left,head,landed,true
775,АГН-62,62,agn_062,2111,red,jab,left,head,miss,true
776,АГН-62,62,agn_062,2115,red,uppercut,left,body,landed,true
777,АГН-62,62,agn_062,2116,blue,cross,left,body,landed,true
778,АГН-62,62,agn_062,2128,blue,hook,right,body,landed,false
779,АГН-62,62,agn_062,2135,red,hook,right,head,landed,false
780,АГН-62,62,agn_062,2156,blue,uppercut,right,head,blocked,true
781,АГН-62,62,agn_062,2156,red,jab,left,head,miss,false
782,АГН-62,62,agn_062,2183,red,cross,right,body,landed,true
783,АГН-62,62,agn_062,2194,blue,jab,left,body,blocked,true
784,АГН-62,62,agn_062,2199,blue,jab,right,body,miss,true
785,АГН-62,62,agn_062,2202,blue,hook,right,head,landed,true
786,АГН-62,62,agn_062,2220,red,jab,right,head,landed,false
787,АГН-62,62,agn_062,2229,blue,cross,right,head,landed,true
788,АГН-62,62,agn_062,2241,red,jab,left,head,miss,false
789,АГН-62,62,agn_062,2251,red,hook,left,body,miss,false
790,АГН-62,62,agn_062,2254,blue,jab,left,head,miss,true
791,АГН-62,62,agn_062,2264,red,cross,left,head,miss,false
792,АГН-62,62,agn_062,2268,red,cross,right,head,miss,false
793,АГН-62,62,agn_062,2281,blue,uppercut,right,body,miss,false
794,АГН-62,62,agn_062,2292,blue,cross,left,head,miss,false
795,АГН-62,62,agn_062,2326,red,hook,left,body,miss,true
796,АГН-62,62,agn_062,2335,red,uppercut,right,body,miss,false
797,АГН-62,62,agn_062,2354,blue,jab,right,body,landed,true
798,АГН-62,62,agn_062,2365,red,jab,left,head,landed,false
799,АГН-62,62,agn_062,2371,blue,jab,right,body,blocked,false
800,АГН-62,62,agn_062,2374,blue,jab,right,body,blocked,false
801,АГН-62,62,agn_062,2382,blue,hook,right,head,blocked,false
802,АГН-62,62,agn_062,2401,blue,cross,right,body,blocked,false
803,АГН-62,62,agn_062,2404,blue,uppercut,right,body,miss,true
804,АГН-62,62,agn_062,2409,blue,cross,left,body,miss,false
805,АГН-62,62,agn_062,2409,blue,cross,left,head,landed,true
806,АГН-62,62,agn_062,2419,red,jab,right,head,miss,false
807,АГН-62,62,agn_062,2421,blue,uppercut,right,body,miss,true
808,АГН-62,62,agn_062,2429,blue,hook,left,head,miss,false
809,АГН-62,62,agn_062,2438,red,uppercut,right,body,landed,false
810,АГН-62,62,agn_062,2445,red,uppercut,left,body,blocked,false
811,АГН-62,62,agn_062,2466,blue,jab,right,head,blocked,true
812,АГН-62,62,agn_062,2468,blue,cross,right,body,blocked,false
813,АГН-62,62,agn_062,2472,red,hook,left,head,blocked,true
814,АГН-62,62,agn_062,2475,blue,jab,left,body,miss,false
815,АГН-62,62,agn_062,2494,blue,uppercut,left,body,blocked,true
816,АГН-62,62,agn_062,2495,red,uppercut,right,body,blocked,false
817,АГН-62,62,agn_062,2501,red,cross,right,head,miss,false
818,АГН-62,62,agn_062,2521,blue,hook,left,head,miss,false
819,АГН-62,62,agn_062,2523,blue,jab,left,body,miss,false
820,АГН-62,62,agn_062,2534,red,cross,right,body,miss,true
821,АГН-62,62,agn_062,2540,blue,cross,left,head,landed,false
822,АГН-62,62,agn_062,2547,blue,uppercut,left,head,landed,false
823,АГН-62,62,agn_062,2567,red,jab,right,body,landed,true
824,АГН-62,62,agn_062,2571,blue,uppercut,right,body,landed,true
825,АГН-62,62,agn_062,2572,blue,jab,right,head,blocked,false
826,АГН-62,62,agn_062,2585,red,jab,left,body,miss,true
827,АГН-62,62,agn_062,2590,blue,hook,right,head,miss,false
828,АГН-62,62,agn_062,2592,blue,uppercut,right,head,blocked,true
829,АГН-62,62,agn_062,2594,blue,jab,left,head,blocked,false
830,АГН-62,62,agn_062,2595,blue,hook,right,body,blocked,false
831,АГН-62,62,agn_062,2605,blue,hook,left,head,landed,true
832,АГН-62,62,agn_062,2612,red,hook,left,head,landed,false
833,АГН-62,62,agn_062,2624,red,jab,left,head,miss,true
834,АГН-62,62,agn_062,2647,red,jab,right,head,blocked,false
835,АГН-62,62,agn_062,2665,blue,hook,left,body,landed,false
836,АГН-62,62,agn_062,2677,red,cross,left,body,blocked,true
837,АГН-62,62,agn_062,2681,red,jab,right,body,landed,false
838,АГН-62,62,agn_062,2689,blue,cross,right,body,blocked,true
839,АГН-62,62,agn_062,2696,blue,cross,left,head,landed,true
840,АГН-62,62,agn_062,2708,red,jab,left,head,landed,false
841,АГН-62,62,agn_062,2711,blue,uppercut,left,body,miss,true
842,АГН-62,62,agn_062,2712,blue,hook,left,body,miss,true
843,АГН-62,62,agn_062,2712,red,jab,left,body,landed,true
844,АГН-62,62,agn_062,2730,blue,jab,left,body,landed,false
845,АГН-62,62,agn_062,2731,blue,uppercut,left,head,blocked,false
846,АГН-62,62,agn_062,2742,blue,cross,right,body,miss,true
847,АГН-62,62,agn_062,2744,blue,hook,left,body,miss,false
848,АГН-62,62,agn_062,2748,red,jab,right,head,blocked,true
849,АГН-62,62,agn_062,2765,red,jab,right,head,blocked,false
850,АГН-62,62,agn_062,2766,red,uppercut,right,head,landed,true
851,АГН-62,62,agn_062,2778,blue,cross,left,body,miss,false
852,АГН-62,62,agn_062,2796,blue,jab,left,head,blocked,false
853,АГН-62,62,agn_062,2825,red,uppercut,left,body,blocked,true
854,АГН-62,62,agn_062,2850,blue,uppercut,left,head,miss,true
855,АГН-62,62,agn_062,2864,red,jab,left,body,blocked,true
856,АГН-62,62,agn_062,2871,blue,jab,left,head,blocked,false
857,АГН-62,62,agn_062,2911,blue,jab,left,head,miss,false
858,АГН-62,62,agn_062,2914,blue,jab,right,body,landed,true
859,АГН-62,62,agn_062,2942,red,cross,right,head,landed,true
860,АГН-62,62,agn_062,2943,red,uppercut,left,body,miss,false
861,АГН-62,62,agn_062,2948,blue,jab,left,head,landed,false
862,АГН-62,62,agn_062,2956,blue,hook,left,body,miss,true
863,АГН-62,62,agn_062,2958,blue,cross,right,body,blocked,true
864,АГН-62,62,agn_062,2976,blue,cross,right,head,miss,true
865,АГН-62,62,agn_062,2996,blue,cross,right,head,blocked,true
866,АГН-62,62,agn_062,3011,red,uppercut,right,head,landed,true
867,АГН-62,62,agn_062,3012,red,hook,left,head,landed,true
868,АГН-62,62,agn_062,3028,blue,hook,left,body,blocked,false
869,АГН-62,62,agn_062,3044,blue,hook,left,body,landed,true
870,АГН-62,62,agn_062,3049,red,hook,left,head,landed,true
871,АГН-62,62,agn_062,3057,red,uppercut,right,head,landed,false
872,АГН-62,62,agn_062,3057,red,hook,left,head,landed,false
873,АГН-62,62,agn_062,3065,red,cross,left,body,miss,true
874,АГН-62,62,agn_062,3072,red,hook,right,body,landed,true
875,АГН-62,62,agn_062,3073,red,uppercut,left,head,blocked,false
876,АГН-62,62,agn_062,3085,blue,hook,left,body,blocked,true
877,АГН-62,62,agn_062,3090,red,uppercut,right,body,landed,true
878,АГН-62,62,agn_062,3115,red,hook,right,head,landed,true
879,АГН-62,62,agn_062,3124,red,uppercut,right,body,landed,false
880,АГН-62,62,agn_062,3125,blue,uppercut,right,head,landed,false
881,АГН-62,62,agn_062,3129,red,uppercut,left,head,blocked,true
882,АГН-62,62,agn_062,3135,blue,cross,right,head,landed,false
883,АГН-62,62,agn_062,3138,red,jab,left,body,blocked,false
884,АГН-62,62,agn_062,3147,red,hook,right,head,miss,false
885,АГН-62,62,agn_062,3161,red,cross,right,head,miss,true
886,АГН-62,62,agn_062,3182,blue,hook,left,head,blocked,false
887,АГН-62,62,agn_062,3185,red,cross,left,body,miss,true
888,АГН-62,62,agn_062,3194,blue,cross,left,body,blocked,false
889,АГН-62,62,agn_062,3229,blue,jab,right,head,landed,true
890,АГН-62,62,agn_062,3247,blue,jab,left,head,blocked,false
891,АГН-62,62,agn_062,3250,blue,jab,left,head,miss,true
892,АГН-62,62,agn_062,3252,red,jab,right,head,miss,true
893,АГН-62,62,agn_062,3283,blue,uppercut,right,body,miss,false
894,АГН-62,62,agn_062,3290,red,uppercut,right,head,blocked,true
895,АГН-62,62,agn_062,3303,red,jab,right,body,miss,false
896,АГН-62,62,agn_062,3312,blue,cross,left,body,landed,true
897,АГН-62,62,agn_062,3321,red,jab,left,head,miss,false
898,АГН-62,62,agn_062,3326,blue,cross,left,body,miss,true
899,АГН-62,62,agn_062,3326,blue,uppercut,left,head,blocked,true
900,АГН-62,62,agn_062,3338,red,hook,left,body,landed,true
901,АГН-62,62,agn_062,3372,blue,cross,left,head,landed,true
902,АГН-62,62,agn_062,3375,blue,cross,left,head,landed,true
903,АГН-62,62,agn_062,3375,red,cross,left,head,miss,false
904,АГН-62,62,agn_062,3395,red,uppercut,left,head,landed,false
905,АГН-62,62,agn_062,3407,blue,jab,right,head,landed,false
906,АГН-62,62,agn_062,3409,blue,hook,left,body,landed,true
907,АГН-62,62,agn_062,3426,red,uppercut,right,head,blocked,true
908,АГН-62,62,agn_062,3426,red,hook,left,body,miss,true
909,АГН-62,62,agn_062,3426,red,uppercut,left,head,blocked,false
910,АГН-62,62,agn_062,3432,red,hook,left,head,blocked,true
911,АГН-62,62,agn_062,3433,blue,hook,right,body,blocked,true
912,АГН-62,62,agn_062,3436,blue,jab,right,body,miss,true
913,АГН-62,62,agn_062,3457,red,cross,left,body,landed,true
914,АГН-62,62,agn_062,3469,blue,jab,left,body,landed,false
915,АГН-62,62,agn_062,3469,blue,hook,left,body,blocked,true
916,АГН-62,62,agn_062,3471,blue,hook,right,body,landed,false
917,АГН-62,62,agn_062,3490,blue,hook,right,body,miss,false
918,АГН-62,62,agn_062,3493,blue,cross,right,body,blocked,false
919,АГН-62,62,agn_062,3498,red,hook,left,body,miss,false
920,АГН-62,62,agn_062,3502,red,hook,right,head,landed,true
921,АГН-62,62,agn_062,3507,blue,hook,right,body,landed,true
922,АГН-62,62,agn_062,3537,red,uppercut,left,body,landed,true
923,АГН-62,62,agn_062,3546,blue,cross,right,body,blocked,false
924,АГН-62,62,agn_062,3547,blue,jab,right,head,miss,true
925,АГН-62,62,agn_062,3556,blue,jab,left,body,blocked,true
926,АГН-62,62,agn_062,3560,blue,uppercut,right,body,landed,false
927,АГН-62,62,agn_062,3561,blue,jab,left,body,landed,false
928,АГН-62,62,agn_062,3575,red,uppercut,left,body,blocked,false
929,АГН-62,62,agn_062,3585,blue,jab,right,body,landed,true
930,АГН-62,62,agn_062,3591,blue,jab,right,body,landed,false
931,АГН-62,62,agn_062,3596,red,cross,right,head,landed,true
932,АГН-62,62,agn_062,3608,red,cross,left,body,landed,true
933,АГН-62,62,agn_062,3611,blue,hook,left,head,miss,true
934,АГН-62,62,agn_062,3629,blue,cross,left,head,landed,true
935,АГН-62,62,agn_062,3655,red,cross,left,body,blocked,true
936,АГН-62,62,agn_062,3658,red,hook,left,head,miss,true
937,АГН-62,62,agn_062,3676,blue,jab,left,head,blocked,true
938,АГН-62,62,agn_062,3679,blue,uppercut,left,head,blocked,true
939,АГН-62,62,agn_062,3699,blue,jab,left,body,miss,true
940,АГН-62,62,agn_062,3706,blue,cross,left,head,miss,false
941,АГН-62,62,agn_062,3706,blue,jab,right,body,blocked,false
942,АГН-62,62,agn_062,3719,red,uppercut,left,head,miss,false
943,АГН-62,62,agn_062,3725,blue,jab,right,head,blocked,true
944,АГН-62,62,agn_062,3726,blue,cross,right,head,blocked,false
945,АГН-62,62,agn_062,3734,red,cross,right,head,landed,true
946,АГН-62,62,agn_062,3741,blue,hook,right,head,landed,true
947,АГН-62,62,agn_062,3749,blue,jab,left,head,blocked,true
948,АГН-62,62,agn_062,3751,blue,cross,right,head,blocked,true
949,АГН-62,62,agn_062,3752,blue,cross,left,body,miss,false
950,АГН-62,62,agn_062,3763,blue,jab,left,body,landed,true
951,АГН-62,62,agn_062,3769,blue,uppercut,right,body,miss,false
952,АГН-62,62,agn_062,3770,blue,uppercut,right,head,blocked,true
953,АГН-62,62,agn_062,3776,red,cross,right,body,blocked,true
954,АГН-62,62,agn_062,3776,red,hook,left,head,blocked,false
955,АГН-62,62,agn_062,3777,red,cross,right,head,blocked,true
956,АГН-62,62,agn_062,3795,blue,jab,left,head,miss,false
957,АГН-62,62,agn_062,3798,red,hook,left,head,landed,false
958,АГН-62,62,agn_062,3799,red,uppercut,left,head,blocked,true
959,АГН-62,62,agn_062,3799,red,cross,right,body,miss,false
960,АГН-62,62,agn_062,3812,red,hook,right,head,miss,true
961,АГН-62,62,agn_062,3827,blue,uppercut,left,head,miss,false
962,АГН-62,62,agn_062,3841,red,hook,right,head,miss,false
963,АГН-62,62,agn_062,3842,red,hook,left,head,blocked,true
964,АГН-62,62,agn_062,3843,red,uppercut,right,body,landed,false
965,АГН-62,62,agn_062,3858,blue,jab,right,head,landed,false
966,АГН-62,62,agn_062,3861,blue,hook,left,body,blocked,true
967,АГН-62,62,agn_062,3873,blue,hook,right,head,miss,true
968,АГН-62,62,agn_062,3882,blue,cross,right,body,miss,true
969,АГН-62,62,agn_062,3890,red,hook,left,body,blocked,false
970,АГН-62,62,agn_062,3898,red,jab,right,body,blocked,false
971,АГН-62,62,agn_062,3901,blue,jab,right,head,miss,true
972,АГН-62,62,agn_062,3924,blue,cross,right,body,blocked,false
973,АГН-62,62,agn_062,3924,red,cross,right,head,landed,true
974,АГН-62,62,agn_062,3929,blue,hook,right,body,blocked,true
975,АГН-62,62,agn_062,3947,blue,uppercut,left,head,landed,true
976,АГН-62,62,agn_062,3962,blue,uppercut,right,body,miss,false
977,АГН-62,62,agn_062,3966,blue,hook,left,head,blocked,false
978,АГН-62,62,agn_062,3969,blue,cross,right,head,landed,false
979,АГН-62,62,agn_062,3972,red,jab,right,head,landed,true
980,АГН-62,62,agn_062,3985,red,uppercut,left,head,landed,true
981,АГН-62,62,agn_062,3989,red,cross,left,body,landed,true
982,АГН-62,62,agn_062,3996,blue,cross,left,head,landed,false
983,АГН-62,62,agn_062,4003,red,jab,left,head,blocked,true
984,АГН-62,62,agn_062,4004,blue,cross,right,body,blocked,true
985,АГН-62,62,agn_062,4005,red,uppercut,left,head,miss,true
986,АГН-62,62,agn_062,4008,blue,cross,left,head,landed,true
987,АГН-62,62,agn_062,4009,red,hook,right,body,blocked,true
988,АГН-62,62,agn_062,4033,blue,uppercut,left,body,blocked,true
989,АГН-62,62,agn_062,4043,red,hook,right,body,blocked,false
990,АГН-62,62,agn_062,4061,blue,hook,left,head,blocked,false
991,АГН-62,62,agn_062,4064,blue,hook,left,body,miss,true
992,АГН-62,62,agn_062,4075,red,cross,left,head,miss,false
993,АГН-62,62,agn_062,4086,blue,uppercut,left,head,blocked,false
994,АГН-62,62,agn_062,4086,red,jab,right,body,miss,true
995,АГН-62,62,agn_062,4093,blue,jab,left,body,landed,false
996,АГН-62,62,agn_062,4095,red,hook,left,head,blocked,true
997,АГН-62,62,agn_062,4099,red,uppercut,right,body,landed,true
998,АГН-62,62,agn_062,4110,blue,cross,left,body,miss,true
999,АГН-62,62,agn_062,4111,red,uppercut,left,head,landed,false
1000,АГН-62,62,agn_062,4116,blue,uppercut,left,body,landed,false
1001,АГН-62,62,agn_062,4125,blue,hook,left,head,blocked,false
1002,АГН-62,62,agn_062,4129,blue,uppercut,left,body,blocked,false
1003,АГН-62,62,agn_062,4134,blue,cross,right,body,blocked,false
1004,АГН-62,62,agn_062,4141,blue,uppercut,left,head,blocked,false
1005,АГН-62,62,agn_062,4147,red,hook,right,body,blocked,true
1006,АГН-62,62,agn_062,4155,blue,cross,left,body,landed,false
1007,АГН-62,62,agn_062,4164,red,uppercut,right,body,landed,true
1008,АГН-62,62,agn_062,4190,red,hook,left,head,blocked,true
1009,АГН-62,62,agn_062,4204,red,jab,right,head,miss,true
1010,АГН-62,62,agn_062,4209,red,cross,left,head,miss,false
1011,АГН-62,62,agn_062,4213,blue,uppercut,left,body,miss,true
1012,АГН-62,62,agn_062,4218,red,jab,left,body,miss,false
1013,АГН-62,62,agn_062,4222,blue,uppercut,right,body,miss,true
1014,АГН-62,62,agn_062,4230,blue,hook,right,body,blocked,true
1015,АГН-62,62,agn_062,4230,red,uppercut,right,body,blocked,true
1016,АГН-62,62,agn_062,4231,red,hook,left,body,landed,false
1017,АГН-62,62,agn_062,4232,blue,hook,right,body,landed,true
1018,АГН-62,62,agn_062,4235,blue,uppercut,left,body,miss,false
1019,АГН-62,62,agn_062,4265,red,uppercut,left,head,blocked,false
1020,АГН-62,62,agn_062,4268,blue,hook,right,head,blocked,false
1021,АГН-62,62,agn_062,4275,blue,uppercut,left,head,miss,true
1022,АГН-62,62,agn_062,4282,blue,cross,left,head,blocked,true
1023,АГН-62,62,agn_062,4282,red,jab,right,head,landed,true
1024,АГН-62,62,agn_062,4287,red,cross,right,head,miss,false
1025,АГН-62,62,agn_062,4292,red,jab,left,head,blocked,true
1026,АГН-62,62,agn_062,4292,red,jab,right,head,landed,false
1027,АГН-62,62,agn_062,4337,blue,cross,left,head,landed,true
1028,АГН-62,62,agn_062,4343,red,jab,right,body,miss,false
1029,АГН-62,62,agn_062,4360,blue,uppercut,left,body,landed,true
1030,АГН-62,62,agn_062,4371,blue,jab,left,body,blocked,true
1031,АГН-62,62,agn_062,4382,red,cross,left,body,blocked,true
1032,АГН-62,62,agn_062,4406,blue,uppercut,right,body,landed,false
1033,АГН-62,62,agn_062,4410,blue,jab,right,head,blocked,false
1034,АГН-62,62,agn_062,4424,red,jab,right,body,landed,false
1035,АГН-62,62,agn_062,4473,blue,jab,right,head,landed,false
1036,АГН-62,62,agn_062,4481,red,hook,right,head,blocked,true
1037,АГН-62,62,agn_062,4486,blue,jab,left,head,blocked,true
1038,АГН-62,62,agn_062,4488,red,uppercut,right,head,blocked,true
1039,АГН-62,62,agn_062,4500,blue,hook,left,body,miss,true
1040,АГН-62,62,agn_062,4503,red,jab,right,body,miss,true
1041,АГН-62,62,agn_062,4522,blue,hook,right,head,miss,false
1042,АГН-62,62,agn_062,4522,blue,uppercut,right,head,landed,false
1043,АГН-62,62,agn_062,4535,red,uppercut,right,body,miss,true
1044,АГН-62,62,agn_062,4545,red,uppercut,right,head,landed,false
1045,АГН-62,62,agn_062,4560,blue,cross,right,body,landed,false
1046,АГН-62,62,agn_062,4568,blue,jab,left,body,blocked,false
1047,АГН-62,62,agn_062,4575,red,jab,right,head,blocked,true
1048,АГН-62,62,agn_062,4576,red,hook,right,head,miss,false
1049,АГН-62,62,agn_062,4580,blue,hook,right,body,miss,false
1050,АГН-62,62,agn_062,4592,blue,uppercut,left,head,miss,false
1051,АГН-62,62,agn_062,4593,red,cross,right,head,miss,true
1052,АГН-62,62,agn_062,4612,red,uppercut,right,head,blocked,true
1053,АГН-62,62,agn_062,4613,red,uppercut,right,body,blocked,false
1054,АГН-62,62,agn_062,4619,red,uppercut,right,body,miss,true
1055,АГН-62,62,agn_062,4635,red,jab,left,head,miss,false
1056,АГН-62,62,agn_062,4653,blue,hook,left,body,miss,true
1057,АГН-62,62,agn_062,4669,red,uppercut,left,body,miss,false
1058,АГН-62,62,agn_062,4680,red,cross,left,body,landed,false
1059,АГН-62,62,agn_062,4686,blue,jab,left,body,blocked,true
1060,АГН-62,62,agn_062,4692,red,hook,left,body,blocked,true
1061,АГН-62,62,agn_062,4701,blue,uppercut,right,body,blocked,true
1062,АГН-62,62,agn_062,4710,red,hook,right,body,blocked,false
1063,АГН-62,62,agn_062,4717,red,hook,right,body,blocked,false
1064,АГН-62,62,agn_062,4720,red,uppercut,left,head,miss,false
1065,АГН-62,62,agn_062,4729,red,cross,right,body,landed,false
1066,АГН-62,62,agn_062,4759,red,cross,right,head,blocked,true
1067,АГН-62,62,agn_062,4760,blue,cross,right,head,landed,true
1068,АГН-62,62,agn_062,4760,blue,uppercut,right,body,miss,true
1069,АГН-62,62,agn_062,4776,red,hook,left,body,miss,false
1070,АГН-62,62,agn_062,4780,red,cross,right,head,landed,false
1071,АГН-62,62,agn_062,4784,blue,jab,right,body,miss,true
1072,АГН-62,62,agn_062,4800,red,hook,right,body,landed,true
1073,АГН-62,62,agn_062,4808,red,hook,right,body,miss,true
1074,АГН-62,62,agn_062,4829,blue,hook,right,body,landed,true
1075,АГН-62,62,agn_062,4847,red,jab,right,head,landed,false
1076,АГН-62,62,agn_062,4863,red,uppercut,left,head,miss,false
1077,АГН-62,62,agn_062,4876,blue,jab,right,head,landed,false
1078,АГН-62,62,agn_062,4889,red,hook,right,body,miss,false
1079,АГН-62,62,agn_062,4890,blue,uppercut,left,body,blocked,false
1080,АГН-62,62,agn_062,4891,red,cross,left,body,miss,true
1081,АГН-62,62,agn_062,4898,blue,uppercut,right,head,blocked,true
1082,АГН-62,62,agn_062,4924,red,cross,right,body,miss,false
1083,АГН-62,62,agn_062,4925,red,cross,right,head,landed,true
1084,АГН-62,62,agn_062,4941,red,hook,right,head,miss,false
1085,АГН-62,62,agn_062,4951,red,jab,right,head,blocked,true
1086,АГН-62,62,agn_062,4952,red,uppercut,left,body,blocked,false
1087,АГН-62,62,agn_062,4959,blue,uppercut,left,head,miss,true
1088,АГН-62,62,agn_062,4975,blue,cross,left,head,blocked,true
1089,АГН-62,62,agn_062,4980,blue,hook,right,head,miss,true
1090,АГН-62,62,agn_062,4981,red,cross,right,head,landed,true
1091,АГН-62,62,agn_062,4988,red,hook,left,body,miss,false
1092,АГН-62,62,agn_062,4999,red,uppercut,right,head,miss,true
1093,АГН-62,62,agn_062,5013,red,hook,right,body,landed,true
1094,АГН-62,62,agn_062,5022,red,hook,left,body,blocked,false
1095,АГН-62,62,agn_062,5028,red,jab,right,body,miss,false
1096,АГН-62,62,agn_062,5039,red,jab,right,head,miss,true
1097,АГН-62,62,agn_062,5047,red,uppercut,left,body,miss,true
1098,АГН-62,62,agn_062,5053,blue,hook,right,head,landed,true
1099,АГН-62,62,agn_062,5064,blue,jab,right,body,miss,true
1100,АГН-62,62,agn_062,5077,blue,hook,right,body,landed,false
1101,АГН-62,62,agn_062,5123,red,cross,right,body,landed,false
1102,АГН-62,62,agn_062,5129,blue,jab,left,head,blocked,false
1103,АГН-62,62,agn_062,5138,blue,hook,right,body,miss,true
1104,АГН-62,62,agn_062,5169,blue,hook,right,body,miss,true
1105,АГН-62,62,agn_062,5177,blue,hook,left,body,landed,true
1106,АГН-62,62,agn_062,5189,blue,uppercut,right,body,blocked,true
1107,АГН-62,62,agn_062,5190,red,uppercut,right,body,blocked,false
1108,АГН-62,62,agn_062,5192,blue,jab,right,head,blocked,true
1109,АГН-62,62,agn_062,5193,red,uppercut,right,body,miss,true
1110,АГН-62,62,agn_062,5194,blue,jab,right,head,blocked,false
1111,АГН-62,62,agn_062,5209,red,jab,left,body,miss,false
1112,АГН-62,62,agn_062,5220,blue,jab,left,body,miss,true
1113,АГН-62,62,agn_062,5232,blue,hook,right,body,blocked,true
1114,АГН-62,62,agn_062,5233,red,hook,left,head,blocked,false
1115,АГН-62,62,agn_062,5254,red,jab,left,body,miss,true
1116,АГН-62,62,agn_062,5291,blue,cross,left,body,landed,true
1117,АГН-62,62,agn_062,5296,red,cross,left,body,miss,false
1118,АГН-62,62,agn_062,5305,red,uppercut,left,body,blocked,false
1119,АГН-62,62,agn_062,5308,red,cross,left,head,miss,true
1120,АГН-62,62,agn_062,5316,blue,cross,left,body,blocked,false
1121,АГН-62,62,agn_062,5319,blue,cross,right,head,blocked,false
1122,АГН-62,62,agn_062,5355,red,jab,right,body,blocked,false
1123,АГН-62,62,agn_062,5375,blue,hook,left,head,landed,false
1124,АГН-62,62,agn_062,5375,red,hook,left,head,landed,false
1125,АГН-62,62,agn_062,5389,blue,hook,left,body,landed,true
1126,АГН-62,62,agn_062,5389,blue,cross,left,head,miss,false
1127,АГН-62,62,agn_062,5399,blue,hook,left,body,miss,true
1128,АГН-62,62,agn_062,5415,red,uppercut,right,head,blocked,false
1129,АГН-62,62,agn_062,5422,red,jab,left,head,blocked,false
1130,АГН-62,62,agn_062,5452,blue,hook,left,body,blocked,true
1131,АГН-62,62,agn_062,5501,red,jab,left,body,landed,false
1132,АГН-62,62,agn_062,5502,red,uppercut,left,head,landed,true
1133,АГН-62,62,agn_062,5505,blue,cross,right,body,landed,true
1134,АГН-62,62,agn_062,5508,blue,uppercut,left,head,blocked,true
1135,АГН-62,62,agn_062,5511,red,jab,left,body,landed,true
1136,АГН-62,62,agn_062,5514,blue,uppercut,left,body,miss,false
1137,АГН-62,62,agn_062,5518,blue,jab,left,body,blocked,false
1138,АГН-62,62,agn_062,5545,red,hook,left,body,miss,true
1139,АГН-62,62,agn_062,5554,red,cross,left,head,miss,true
1140,АГН-62,62,agn_062,5563,blue,cross,left,body,miss,true
1141,АГН-62,62,agn_062,5575,blue,cross,right,body,landed,false
1142,АГН-62,62,agn_062,5604,red,hook,left,head,miss,true
1143,АГН-62,62,agn_062,5615,blue,hook,right,head,landed,true
1144,АГН-62,62,agn_062,5615,blue,hook,left,body,blocked,true
1145,АГН-62,62,agn_062,5624,blue,cross,left,body,miss,true
1146,АГН-62,62,agn_062,5634,blue,uppercut,left,body,blocked,true
1147,АГН-62,62,agn_062,5652,red,uppercut,right,head,miss,true
1148,АГН-62,62,agn_062,5656,red,cross,right,body,miss,true
1149,АГН-62,62,agn_062,5657,blue,cross,left,body,blocked,true
1150,АГН-62,62,agn_062,5659,red,hook,right,body,landed,false
1151,АГН-62,62,agn_062,5666,red,jab,left,head,miss,false
1152,АГН-62,62,agn_062,5667,red,cross,left,body,miss,false
1153,АГН-62,62,agn_062,5670,red,hook,left,head,blocked,false
1154,АГН-62,62,agn_062,5671,red,cross,left,body,miss,false
1155,АГН-62,62,agn_062,5683,red,hook,right,body,landed,false
1156,АГН-62,62,agn_062,5693,red,cross,left,body,landed,false
1157,АГН-62,62,agn_062,5694,red,uppercut,left,body,landed,true
1158,АГН-62,62,agn_062,5704,blue,cross,right,head,miss,true
1159,АГН-62,62,agn_062,5710,red,uppercut,left,head,miss,true
1160,АГН-62,62,agn_062,5741,blue,uppercut,left,head,miss,true
1161,АГН-62,62,agn_062,5745,red,cross,right,head,blocked,false
1162,АГН-62,62,agn_062,5746,red,cross,left,body,landed,false
1163,АГН-62,62,agn_062,5755,blue,jab,left,head,miss,false
1164,АГН-62,62,agn_062,5764,red,jab,left,body,landed,true
1165,АГН-62,62,agn_062,5766,red,jab,right,body,miss,true
1166,АГН-62,62,agn_062,5799,red,jab,left,body,blocked,false
1167,АГН-62,62,agn_062,5800,red,jab,left,body,miss,true
1168,АГН-62,62,agn_062,5803,blue,hook,left,head,miss,true
1169,АГН-62,62,agn_062,5804,blue,cross,left,head,landed,false
1170,АГН-62,62,agn_062,5815,red,hook,right,head,blocked,true
1171,АГН-62,62,agn_062,5825,red,uppercut,right,head,miss,true
1172,АГН-62,62,agn_062,5858,blue,jab,left,head,landed,true
1173,АГН-62,62,agn_062,5863,blue,uppercut,left,body,miss,false
1174,АГН-62,62,agn_062,5863,red,hook,left,head,miss,true
1175,АГН-62,62,agn_062,5879,red,hook,right,head,miss,false
1176,АГН-62,62,agn_062,5927,blue,uppercut,left,body,miss,true
1177,АГН-62,62,agn_062,5935,blue,uppercut,right,head,landed,false
1178,АГН-62,62,agn_062,5947,red,cross,right,head,miss,false
1179,АГН-62,62,agn_062,5948,blue,hook,right,head,miss,true
1180,АГН-62,62,agn_062,5956,red,cross,left,head,landed,false
1181,АГН-62,62,agn_062,5961,red,hook,left,head,landed,false
1182,АГН-62,62,agn_062,5970,red,uppercut,left,head,miss,false
1183,АГН-62,62,agn_062,5993,blue,jab,left,head,blocked,true
1184,АГН-62,62,agn_062,5999,blue,uppercut,right,head,miss,false
1185,АГН-62,62,agn_062,6001,blue,cross,right,body,blocked,false
1186,АГН-62,62,agn_062,6002,blue,cross,left,body,landed,true
1187,АГН-62,62,agn_062,6008,red,uppercut,right,body,miss,true
1188,АГН-62,62,agn_062,6015,red,hook,left,head,miss,true
1189,АГН-62,62,agn_062,6027,red,jab,left,body,miss,true
1190,АГН-62,62,agn_062,6027,red,hook,left,head,blocked,false
1191,АГН-62,62,agn_062,6030,red,cross,right,body,miss,true
1192,АГН-62,62,agn_062,6037,blue,hook,right,head,landed,false
1193,АГН-62,62,agn_062,6043,red,hook,left,head,landed,true
1194,АГН-62,62,agn_062,6056,blue,jab,right,body,miss,true
1195,АГН-62,62,agn_062,6081,red,cross,left,head,blocked,false
1196,АГН-62,62,agn_062,6092,blue,hook,right,body,miss,true
1197,АГН-62,62,agn_062,6100,red,hook,right,body,landed,false
1198,АГН-62,62,agn_062,6126,blue,uppercut,left,head,landed,true
1199,АГН-62,62,agn_062,6130,blue,cross,right,head,landed,true
1200,АГН-62,62,agn_062,6145,red,jab,right,body,miss,true
1201,АГН-62,62,agn_062,6165,blue,uppercut,left,head,landed,false
1202,АГН-62,62,agn_062,6181,red,jab,left,head,landed,false
1203,АГН-62,62,agn_062,6188,red,jab,left,body,blocked,false
1204,АГН-62,62,agn_062,6204,blue,jab,left,head,landed,true
1205,АГН-62,62,agn_062,6225,blue,cross,right,head,miss,true
1206,АГН-62,62,agn_062,6232,blue,uppercut,right,body,blocked,true
1207,АГН-62,62,agn_062,6242,red,cross,right,head,landed,false
1208,АГН-62,62,agn_062,6248,blue,jab,left,head,landed,false
1209,АГН-62,62,agn_062,6256,red,uppercut,left,head,landed,true
1210,АГН-62,62,agn_062,6258,red,uppercut,left,body,blocked,false
1211,АГН-62,62,agn_062,6272,red,hook,right,body,miss,false
1212,АГН-62,62,agn_062,6295,blue,hook,right,body,landed,false
1213,АГН-62,62,agn_062,6300,red,uppercut,right,body,miss,false
1214,АГН-62,62,agn_062,6301,red,jab,right,body,miss,true
1215,АГН-62,62,agn_062,6305,blue,cross,right,body,miss,true
1216,АГН-62,62,agn_062,6320,blue,cross,left,head,blocked,false
1217,АГН-62,62,agn_062,6329,red,cross,left,head,blocked,true
1218,АГН-62,62,agn_062,6333,blue,hook,right,head,blocked,true
1219,АГН-62,62,agn_062,6336,blue,hook,left,body,landed,false
1220,АГН-62,62,agn_062,6343,red,hook,left,body,miss,false
1221,АГН-62,62,agn_062,6347,blue,uppercut,right,head,miss,false
1222,АГН-62,62,agn_062,6353,blue,uppercut,left,body,landed,false
1223,АГН-62,62,agn_062,6353,blue,cross,left,head,landed,true
1224,АГН-62,62,agn_062,6354,blue,jab,right,head,landed,false
1225,АГН-62,62,agn_062,6357,red,hook,left,body,landed,false
1226,АГН-62,62,agn_062,6363,blue,hook,left,head,miss,false
1227,АГН-62,62,agn_062,6382,red,cross,left,body,landed,true
1228,АГН-62,62,agn_062,6389,red,cross,left,head,blocked,false
1229,АГН-62,62,agn_062,6395,red,hook,left,body,blocked,false
1230,АГН-62,62,agn_062,6418,blue,uppercut,left,body,miss,false
1231,АГН-62,62,agn_062,6421,red,jab,right,head,miss,true
1232,АГН-62,62,agn_062,6429,blue,uppercut,right,body,landed,false
1233,АГН-62,62,agn_062,6429,red,cross,left,body,miss,false
1234,АГН-62,62,agn_062,6436,blue,hook,right,body,blocked,false
1235,АГН-62,62,agn_062,6453,red,uppercut,left,head,miss,false
1236,АГН-62,62,agn_062,6461,blue,uppercut,right,head,landed,false
1237,АГН-62,62,agn_062,6467,red,cross,left,body,miss,false
1238,АГН-62,62,agn_062,6475,red,hook,left,head,blocked,true
1239,АГН-62,62,agn_062,6491,blue,uppercut,right,body,landed,true
1240,АГН-62,62,agn_062,6509,red,hook,left,body,blocked,true
1241,АГН-62,62,agn_062,6527,blue,cross,right,body,landed,true
1242,АГН-62,62,agn_062,6536,blue,cross,left,body,landed,false
1243,АГН-62,62,agn_062,6545,blue,cross,left,body,blocked,false
1244,АГН-62,62,agn_062,6549,blue,jab,left,body,landed,false
1245,АГН-62,62,agn_062,6552,blue,cross,left,head,miss,true
1246,АГН-62,62,agn_062,6552,red,cross,right,head,landed,false
1247,АГН-62,62,agn_062,6562,blue,hook,left,body,miss,true
1248,АГН-62,62,agn_062,6573,blue,jab,left,head,miss,true
1249,АГН-62,62,agn_062,6583,blue,hook,left,body,miss,false
1250,АГН-62,62,agn_062,6591,blue,jab,left,head,landed,true
1251,АГН-62,62,agn_062,6592,red,uppercut,right,body,blocked,false
1252,АГН-62,62,agn_062,6598,blue,cross,left,body,blocked,true
1253,АГН-62,62,agn_062,6604,red,jab,left,head,landed,true
1254,АГН-62,62,agn_062,6611,blue,hook,left,body,miss,true
1255,АГН-62,62,agn_062,6625,red,jab,right,head,blocked,true
1256,АГН-62,62,agn_062,6644,blue,jab,right,head,miss,true
1257,АГН-62,62,agn_062,6651,red,hook,right,head,miss,false
1258,АГН-62,62,agn_062,6653,blue,jab,right,head,blocked,false
1259,АГН-62,62,agn_062,6666,blue,jab,left,body,landed,true
1260,АГН-62,62,agn_062,6666,blue,uppercut,left,body,miss,false
1261,АГН-62,62,agn_062,6667,blue,uppercut,right,head,landed,true
1262,АГН-62,62,agn_062,6693,red,uppercut,left,body,landed,true
1263,АГН-62,62,agn_062,6693,red,jab,left,head,blocked,false
1264,АГН-62,62,agn_062,6694,blue,jab,left,head,blocked,false
1265,АГН-62,62,agn_062,6696,red,jab,right,head,landed,false
1266,АГН-62,62,agn_062,6707,red,jab,right,body,blocked,false
1267,АГН-62,62,agn_062,6725,red,cross,left,body,miss,false
1268,АГН-62,62,agn_062,6728,blue,jab,left,head,miss,true
1269,АГН-62,62,agn_062,6732,blue,jab,right,head,landed,true
1270,АГН-62,62,agn_062,6734,blue,cross,right,body,landed,true
1271,АГН-62,62,agn_062,6734,red,uppercut,left,head,landed,false
1272,АГН-62,62,agn_062,6744,red,jab,left,body,blocked,false
1273,АГН-62,62,agn_062,6746,blue,uppercut,left,head,landed,false
1274,АГН-62,62,agn_062,6769,red,cross,right,head,landed,true
1275,АГН-62,62,agn_062,6786,blue,cross,right,head,blocked,true
1276,АГН-62,62,agn_062,6801,red,uppercut,left,head,blocked,false
1277,АГН-62,62,agn_062,6812,red,jab,right,body,landed,true
1278,АГН-62,62,agn_062,6816,blue,cross,right,body,blocked,false
1279,АГН-62,62,agn_062,6833,blue,hook,left,head,blocked,false
1280,АГН-62,62,agn_062,6838,blue,hook,right,body,blocked,false
1281,АГН-62,62,agn_062,6839,blue,uppercut,right,body,blocked,false
1282,АГН-62,62,agn_062,6841,blue,hook,left,head,miss,false
1283,АГН-62,62,agn_062,6843,red,jab,left,body,miss,true
1284,АГН-62,62,agn_062,6851,blue,cross,left,head,landed,false
1285,АГН-62,62,agn_062,6861,blue,uppercut,right,head,miss,false
1286,АГН-62,62,agn_062,6862,blue,jab,right,head,blocked,true
1287,АГН-62,62,agn_062,6870,red,hook,right,body,landed,false
1288,АГН-62,62,agn_062,6877,red,jab,right,body,blocked,false
1289,АГН-62,62,agn_062,6893,red,uppercut,right,head,miss,true
1290,АГН-62,62,agn_062,6897,blue,jab,right,head,blocked,true
1291,АГН-62,62,agn_062,6902,red,jab,left,head,landed,false
1292,АГН-62,62,agn_062,6906,blue,cross,left,head,miss,false
1293,АГН-62,62,agn_062,6908,red,hook,right,head,landed,false
1294,АГН-62,62,agn_062,6916,blue,hook,right,body,miss,false
1295,АГН-62,62,agn_062,6916,red,jab,right,body,miss,false
1296,АГН-62,62,agn_062,6921,blue,uppercut,right,body,miss,true
1297,АГН-62,62,agn_062,6954,red,jab,left,body,landed,false
1298,АГН-62,62,agn_062,6955,blue,jab,left,head,blocked,false
1299,АГН-62,62,agn_062,6974,blue,jab,right,head,blocked,true
1300,АГН-62,62,agn_062,6981,blue,cross,right,head,miss,false
1301,АГН-62,62,agn_062,6986,blue,uppercut,right,head,landed,true
1302,АГН-62,62,agn_062,7005,red,jab,left,head,miss,true
1303,АГН-62,62,agn_062,7014,blue,cross,left,head,blocked,true
1304,АГН-62,62,agn_062,7025,blue,uppercut,left,body,blocked,false
1305,АГН-62,62,agn_062,7028,red,cross,right,head,blocked,true
1306,АГН-62,62,agn_062,7041,red,hook,right,head,blocked,false
1307,АГН-62,62,agn_062,7046,blue,uppercut,left,body,miss,false
1308,АГН-62,62,agn_062,7057,blue,hook,right,head,landed,true
1309,АГН-62,62,agn_062,7063,red,uppercut,right,body,landed,false
1310,АГН-62,62,agn_062,7064,red,jab,right,body,miss,true
1311,АГН-63,63,agn_063,62,red,hook,left,head,blocked,false
1312,АГН-63,63,agn_063,125,red,uppercut,left,head,blocked,false
1313,АГН-63,63,agn_063,226,red,hook,left,body,landed,true
1314,АГН-63,63,agn_063,237,red,hook,left,body,blocked,false
1315,АГН-63,63,agn_063,257,blue,jab,left,body,miss,false
1316,АГН-63,63,agn_063,375,red,hook,left,head,landed,false
1317,АГН-63,63,agn_063,378,red,uppercut,left,body,blocked,true
1318,АГН-63,63,agn_063,411,red,jab,right,head,blocked,false
1319,АГН-63,63,agn_063,488,red,hook,right,body,landed,false
1320,АГН-63,63,agn_063,538,red,hook,right,body,miss,false
1321,АГН-63,63,agn_063,549,red,jab,left,body,landed,false
1322,АГН-63,63,agn_063,564,blue,jab,right,body,landed,false
1323,АГН-63,63,agn_063,570,red,jab,left,head,blocked,false
1324,АГН-63,63,agn_063,628,red,uppercut,right,head,blocked,true
1325,АГН-63,63,agn_063,646,blue,cross,right,head,landed,false
1326,АГН-63,63,agn_063,687,blue,cross,right,head,landed,false
1327,АГН-63,63,agn_063,697,red,jab,right,head,miss,false
1328,АГН-63,63,agn_063,701,blue,jab,left,head,miss,false
1329,АГН-63,63,agn_063,765,red,hook,left,head,landed,true
1330,АГН-63,63,agn_063,772,red,uppercut,right,body,blocked,false
1331,АГН-63,63,agn_063,840,red,hook,right,body,blocked,false
1332,АГН-63,63,agn_063,913,blue,uppercut,left,body,landed,false
1333,АГН-63,63,agn_063,991,red,cross,left,body,landed,true
1334,АГН-63,63,agn_063,1038,blue,jab,left,body,blocked,false
1335,АГН-63,63,agn_063,1064,blue,cross,left,head,landed,true
1336,АГН-63,63,agn_063,1148,blue,cross,right,body,landed,true
1337,АГН-63,63,agn_063,1286,red,cross,left,head,landed,false
1338,АГН-63,63,agn_063,1323,blue,uppercut,left,head,landed,true
1339,АГН-63,63,agn_063,1510,red,hook,right,head,landed,false
1340,АГН-63,63,agn_063,1569,red,uppercut,right,body,landed,true
1341,АГН-63,63,agn_063,1741,blue,uppercut,right,head,blocked,true
1342,АГН-63,63,agn_063,1755,red,uppercut,left,body,blocked,true
1343,АГН-63,63,agn_063,1763,blue,jab,left,body,landed,false
1344,АГН-63,63,agn_063,1779,blue,uppercut,left,body,landed,false
1345,АГН-63,63,agn_063,1794,red,hook,left,head,miss,true
1346,АГН-63,63,agn_063,1815,blue,cross,right,body,blocked,false
1347,АГН-63,63,agn_063,1815,blue,cross,left,head,miss,true
1348,АГН-63,63,agn_063,1871,blue,hook,right,body,blocked,true
1349,АГН-63,63,agn_063,1875,red,hook,left,head,blocked,false
1350,АГН-63,63,agn_063,1888,red,cross,right,head,miss,true
1351,АГН-63,63,agn_063,1905,red,cross,right,head,blocked,false
1352,АГН-63,63,agn_063,1955,blue,uppercut,left,body,blocked,false
1353,АГН-63,63,agn_063,1993,blue,uppercut,left,body,blocked,false
1354,АГН-63,63,agn_063,1995,red,cross,left,head,miss,true
1355,АГН-63,63,agn_063,2020,blue,uppercut,right,body,landed,true
1356,АГН-63,63,agn_063,2096,red,cross,left,head,landed,false
1357,АГН-63,63,agn_063,2231,blue,cross,right,head,miss,false
1358,АГН-63,63,agn_063,2247,red,jab,right,head,miss,false
1359,АГН-63,63,agn_063,2249,blue,jab,right,head,blocked,false
1360,АГН-63,63,agn_063,2277,blue,hook,left,body,blocked,true
1361,АГН-63,63,agn_063,2278,red,uppercut,right,head,blocked,false
1362,АГН-63,63,agn_063,2279,blue,hook,left,body,landed,true
1363,АГН-63,63,agn_063,2282,red,hook,right,body,miss,false
1364,АГН-63,63,agn_063,2320,blue,hook,left,head,blocked,true
1365,АГН-63,63,agn_063,2334,red,uppercut,right,head,miss,false
1366,АГН-63,63,agn_063,2359,blue,uppercut,left,head,miss,true
1367,АГН-63,63,agn_063,2426,red,hook,left,body,landed,true
1368,АГН-63,63,agn_063,2493,blue,jab,left,head,miss,true
1369,АГН-63,63,agn_063,2500,red,cross,left,head,blocked,false
1370,АГН-63,63,agn_063,2525,blue,jab,right,head,miss,true
1371,АГН-63,63,agn_063,2530,blue,jab,right,head,landed,false
1372,АГН-63,63,agn_063,2536,blue,hook,left,head,miss,false
1373,АГН-63,63,agn_063,2542,blue,uppercut,left,head,blocked,false
1374,АГН-63,63,agn_063,2560,blue,hook,right,body,landed,false
1375,АГН-63,63,agn_063,2576,blue,hook,left,body,miss,true
1376,АГН-63,63,agn_063,2619,red,cross,left,head,blocked,true
1377,АГН-63,63,agn_063,2633,blue,cross,left,body,landed,false
1378,АГН-63,63,agn_063,2660,red,uppercut,right,head,blocked,true
1379,АГН-63,63,agn_063,2676,blue,cross,left,head,miss,false
1380,АГН-63,63,agn_063,2687,red,jab,right,body,landed,true
1381,АГН-63,63,agn_063,2755,red,uppercut,right,head,blocked,true
1382,АГН-63,63,agn_063,2773,blue,jab,right,body,blocked,false
1383,АГН-63,63,agn_063,2783,blue,jab,left,head,miss,false
1384,АГН-63,63,agn_063,2799,blue,cross,left,head,landed,true
1385,АГН-63,63,agn_063,2866,red,jab,left,head,landed,true
1386,АГН-63,63,agn_063,2906,blue,hook,right,body,miss,true
1387,АГН-63,63,agn_063,2934,red,hook,left,head,blocked,true
1388,АГН-63,63,agn_063,2967,blue,cross,right,head,miss,false
1389,АГН-63,63,agn_063,2973,blue,cross,left,head,miss,true
1390,АГН-63,63,agn_063,2983,blue,jab,right,body,miss,true
1391,АГН-63,63,agn_063,3100,red,hook,right,head,miss,true
1392,АГН-63,63,agn_063,3104,red,uppercut,right,body,blocked,false
1393,АГН-63,63,agn_063,3105,blue,cross,right,body,blocked,false
1394,АГН-63,63,agn_063,3108,blue,cross,right,head,landed,true
1395,АГН-63,63,agn_063,3114,red,hook,left,body,miss,true
1396,АГН-63,63,agn_063,3133,red,uppercut,left,head,blocked,false
1397,АГН-63,63,agn_063,3155,red,hook,left,body,landed,true
1398,АГН-63,63,agn_063,3183,blue,hook,right,head,blocked,true
1399,АГН-63,63,agn_063,3249,red,jab,left,head,miss,false
1400,АГН-63,63,agn_063,3329,blue,uppercut,left,body,landed,true
1401,АГН-63,63,agn_063,3345,blue,hook,left,head,blocked,false
1402,АГН-63,63,agn_063,3392,blue,cross,left,body,blocked,true
1403,АГН-63,63,agn_063,3406,red,cross,right,body,miss,true
1404,АГН-63,63,agn_063,3482,red,cross,left,body,landed,true
1405,АГН-63,63,agn_063,3485,blue,hook,right,body,blocked,false
1406,АГН-63,63,agn_063,3521,blue,uppercut,right,body,miss,true
1407,АГН-63,63,agn_063,3528,red,cross,right,head,landed,true
1408,АГН-63,63,agn_063,3555,red,jab,right,head,miss,false
1409,АГН-63,63,agn_063,3573,red,uppercut,left,body,miss,false
1410,АГН-63,63,agn_063,3599,red,hook,right,body,blocked,false
1411,АГН-63,63,agn_063,3630,red,jab,left,head,landed,true
1412,АГН-63,63,agn_063,3686,blue,cross,right,body,miss,true
1413,АГН-63,63,agn_063,3690,blue,hook,right,body,miss,true
1414,АГН-63,63,agn_063,3690,blue,hook,left,head,blocked,false
1415,АГН-63,63,agn_063,3716,blue,jab,left,head,blocked,false
1416,АГН-63,63,agn_063,3716,blue,cross,right,body,miss,false
1417,АГН-63,63,agn_063,3725,blue,hook,right,body,landed,true
1418,АГН-63,63,agn_063,3752,red,jab,right,body,blocked,true
1419,АГН-63,63,agn_063,3800,blue,hook,right,head,blocked,true
1420,АГН-63,63,agn_063,3841,blue,hook,right,head,blocked,true
1421,АГН-63,63,agn_063,3862,red,hook,left,head,miss,false
1422,АГН-63,63,agn_063,3978,red,uppercut,right,body,miss,true
1423,АГН-63,63,agn_063,4016,blue,jab,left,body,miss,true
1424,АГН-63,63,agn_063,4028,red,jab,left,head,miss,false
1425,АГН-63,63,agn_063,4100,red,jab,right,head,landed,false
1426,АГН-63,63,agn_063,4114,blue,jab,right,head,miss,false
1427,АГН-63,63,agn_063,4119,red,jab,left,head,landed,true
1428,АГН-63,63,agn_063,4140,blue,hook,left,head,miss,false
1429,АГН-63,63,agn_063,4144,blue,cross,right,head,landed,false
1430,АГН-63,63,agn_063,4165,blue,jab,right,body,landed,true
1431,АГН-63,63,agn_063,4168,blue,uppercut,right,body,landed,false
1432,АГН-63,63,agn_063,4174,blue,jab,left,head,landed,true
1433,АГН-63,63,agn_063,4187,blue,cross,left,body,miss,false
1434,АГН-63,63,agn_063,4204,red,uppercut,left,head,miss,false
1435,АГН-63,63,agn_063,4232,red,jab,left,body,blocked,true
1436,АГН-63,63,agn_063,4334,blue,jab,left,body,miss,false
1437,АГН-63,63,agn_063,4348,blue,cross,right,body,blocked,false
1438,АГН-63,63,agn_063,4432,red,jab,left,body,landed,true
1439,АГН-63,63,agn_063,4460,blue,jab,right,body,landed,true
1440,АГН-63,63,agn_063,4469,red,hook,left,body,landed,true
1441,АГН-63,63,agn_063,4503,red,hook,right,head,miss,true
1442,АГН-63,63,agn_063,4515,red,uppercut,left,head,landed,false
1443,АГН-63,63,agn_063,4521,blue,uppercut,right,head,miss,true
1444,АГН-63,63,agn_063,4541,red,cross,right,body,miss,true
1445,АГН-63,63,agn_063,4570,blue,hook,right,head,blocked,true
1446,АГН-63,63,agn_063,4620,red,uppercut,right,body,landed,true
1447,АГН-63,63,agn_063,4636,red,uppercut,right,head,miss,false
1448,АГН-63,63,agn_063,4684,blue,cross,right,head,blocked,false
1449,АГН-63,63,agn_063,4697,blue,uppercut,right,head,blocked,true
1450,АГН-63,63,agn_063,4708,blue,hook,left,body,blocked,true
1451,АГН-63,63,agn_063,4734,red,cross,right,head,landed,false
1452,АГН-63,63,agn_063,4744,red,hook,left,head,miss,false
1453,АГН-63,63,agn_063,4773,red,hook,right,body,landed,true
1454,АГН-63,63,agn_063,4820,red,jab,left,head,landed,true
1455,АГН-63,63,agn_063,4887,blue,hook,right,body,miss,true
1456,АГН-63,63,agn_063,4899,red,uppercut,right,body,landed,true
1457,АГН-63,63,agn_063,4988,blue,jab,left,body,miss,false
1458,АГН-63,63,agn_063,4994,red,cross,left,body,miss,true
1459,АГН-63,63,agn_063,5042,blue,uppercut,left,body,blocked,true
1460,АГН-63,63,agn_063,5045,blue,uppercut,right,body,blocked,true
1461,АГН-63,63,agn_063,5073,red,uppercut,right,body,landed,false
1462,АГН-63,63,agn_063,5100,blue,uppercut,left,head,blocked,true
1463,АГН-63,63,agn_063,5225,blue,uppercut,right,head,blocked,false
1464,АГН-63,63,agn_063,5234,blue,hook,right,body,landed,false
1465,АГН-63,63,agn_063,5387,blue,uppercut,left,head,miss,false
1466,АГН-63,63,agn_063,5434,red,cross,right,head,landed,true
1467,АГН-63,63,agn_063,5450,blue,jab,right,body,blocked,true
1468,АГН-63,63,agn_063,5463,red,hook,right,head,landed,true
1469,АГН-63,63,agn_063,5490,blue,jab,left,head,landed,false
1470,АГН-63,63,agn_063,5521,red,hook,right,body,blocked,false
1471,АГН-63,63,agn_063,5531,red,uppercut,left,head,miss,true
1472,АГН-63,63,agn_063,5550,red,jab,right,body,miss,false
1473,АГН-63,63,agn_063,5641,blue,uppercut,right,body,blocked,true
1474,АГН-63,63,agn_063,5657,blue,uppercut,right,head,landed,false
1475,АГН-63,63,agn_063,5682,blue,hook,right,head,blocked,true
1476,АГН-63,63,agn_063,5706,blue,cross,left,body,landed,true
1477,АГН-63,63,agn_063,5743,blue,uppercut,left,head,landed,true
1478,АГН-63,63,agn_063,5758,blue,jab,left,body,miss,true
1479,АГН-63,63,agn_063,5777,blue,uppercut,left,body,landed,true
1480,АГН-63,63,agn_063,5786,red,jab,right,body,blocked,false
1481,АГН-63,63,agn_063,5814,red,hook,left,body,landed,true
1482,АГН-63,63,agn_063,5840,blue,uppercut,right,body,miss,false
1483,АГН-63,63,agn_063,5851,red,cross,left,head,miss,false
1484,АГН-63,63,agn_063,5884,blue,uppercut,right,head,landed,true
1485,АГН-63,63,agn_063,5896,blue,hook,right,body,blocked,false
1486,АГН-63,63,agn_063,5972,red,jab,left,body,miss,false
1487,АГН-63,63,agn_063,6151,red,uppercut,left,head,miss,false
1488,АГН-63,63,agn_063,6159,red,jab,right,head,landed,true
1489,АГН-63,63,agn_063,6187,blue,uppercut,right,head,miss,false
1490,АГН-63,63,agn_063,6246,red,jab,right,body,landed,true
1491,АГН-63,63,agn_063,6329,blue,hook,right,head,blocked,false
1492,АГН-63,63,agn_063,6344,blue,jab,right,head,blocked,true
1493,АГН-63,63,agn_063,6358,blue,hook,left,head,landed,true
1494,АГН-63,63,agn_063,6363,red,jab,left,head,miss,true
1495,АГН-63,63,agn_063,6371,red,hook,left,head,blocked,false
1496,АГН-63,63,agn_063,6409,blue,cross,right,head,miss,true
1497,АГН-63,63,agn_063,6488,blue,jab,right,body,miss,false
1498,АГН-63,63,agn_063,6552,red,uppercut,left,head,miss,false
1499,АГН-63,63,agn_063,6558,red,cross,left,head,miss,false
1500,АГН-63,63,agn_063,6588,red,uppercut,left,head,landed,false
1501,АГН-63,63,agn_063,6594,blue,uppercut,right,head,landed,false
1502,АГН-63,63,agn_063,6630,red,cross,right,body,blocked,true
1503,АГН-63,63,agn_063,6650,red,jab,right,head,blocked,false
1504,АГН-63,63,agn_063,6660,red,hook,left,head,blocked,true
1505,АГН-63,63,agn_063,6794,blue,jab,left,body,landed,false
1506,АГН-63,63,agn_063,6805,red,hook,right,head,blocked,false
1507,АГН-63,63,agn_063,6829,blue,uppercut,right,head,miss,false
1508,АГН-63,63,agn_063,6860,blue,cross,right,body,blocked,false
1509,АГН-63,63,agn_063,6874,red,cross,left,head,blocked,true
1510,АГН-63,63,agn_063,6885,blue,cross,left,body,miss,true
1511,АГН-63,63,agn_063,6892,red,uppercut,left,head,blocked,false
1512,АГН-63,63,agn_063,6925,blue,jab,right,head,blocked,true
1513,АГН-63,63,agn_063,6928,blue,jab,right,head,blocked,true
1514,АГН-63,63,agn_063,6942,blue,hook,left,body,miss,true
1515,АГН-63,63,agn_063,6947,blue,jab,left,head,landed,false
1516,АГН-63,63,agn_063,6965,red,jab,right,body,miss,false
1517,АГН-63,63,agn_063,6990,blue,jab,left,body,miss,false
1518,АГН-63,63,agn_063,6991,blue,cross,right,head,blocked,false
1519,АГН-63,63,agn_063,7018,blue,uppercut,left,body,blocked,false
1520,АГН-64,64,agn_064,140,blue,uppercut,left,head,landed,false
1521,АГН-64,64,agn_064,172,blue,cross,left,body,miss,true
1522,АГН-64,64,agn_064,173,red,jab,right,head,miss,false
1523,АГН-64,64,agn_064,258,red,cross,right,body,landed,false
1524,АГН-64,64,agn_064,334,red,jab,right,head,blocked,false
1525,АГН-64,64,agn_064,336,red,cross,right,head,landed,false
1526,АГН-64,64,agn_064,471,blue,jab,right,body,blocked,false
1527,АГН-64,64,agn_064,491,red,cross,left,head,blocked,false
1528,АГН-64,64,agn_064,568,red,jab,right,head,blocked,false
1529,АГН-64,64,agn_064,624,blue,jab,right,head,landed,true
1530,АГН-64,64,agn_064,821,red,jab,left,body,blocked,true
1531,АГН-64,64,agn_064,830,blue,uppercut,left,head,miss,true
1532,АГН-64,64,agn_064,877,red,hook,left,body,blocked,true
1533,АГН-64,64,agn_064,901,red,jab,left,head,landed,false
1534,АГН-64,64,agn_064,1076,red,jab,left,head,landed,false
1535,АГН-64,64,agn_064,1157,red,cross,left,head,miss,false
1536,АГН-64,64,agn_064,1161,red,cross,left,head,blocked,false
1537,АГН-64,64,agn_064,1168,red,jab,left,body,miss,true
1538,АГН-64,64,agn_064,1207,blue,hook,left,body,miss,true
1539,АГН-64,64,agn_064,1226,red,uppercut,left,body,blocked,false
1540,АГН-64,64,agn_064,1310,red,jab,right,body,blocked,true
1541,АГН-64,64,agn_064,1458,blue,hook,left,body,landed,false
1542,АГН-64,64,agn_064,1492,blue,jab,right,body,landed,true
1543,АГН-64,64,agn_064,1515,red,cross,right,head,miss,false
1544,АГН-64,64,agn_064,1657,red,uppercut,right,head,blocked,false
1545,АГН-64,64,agn_064,1720,blue,jab,left,head,miss,true
1546,АГН-64,64,agn_064,1852,blue,uppercut,right,body,blocked,false
1547,АГН-64,64,agn_064,1986,red,cross,left,head,landed,true
1548,АГН-64,64,agn_064,2029,red,cross,left,body,landed,false
1549,АГН-64,64,agn_064,2174,red,jab,left,head,blocked,true
1550,АГН-64,64,agn_064,2201,red,uppercut,left,body,landed,false
1551,АГН-64,64,agn_064,2295,red,uppercut,left,body,blocked,false
1552,АГН-64,64,agn_064,2298,blue,uppercut,left,body,landed,true
1553,АГН-64,64,agn_064,2333,red,cross,right,body,miss,false
1554,АГН-64,64,agn_064,2390,red,cross,right,head,blocked,true
1555,АГН-64,64,agn_064,2427,blue,jab,left,head,landed,true
1556,АГН-64,64,agn_064,2469,blue,cross,left,head,landed,true
1557,АГН-64,64,agn_064,2713,blue,hook,right,head,miss,false
1558,АГН-64,64,agn_064,2738,blue,jab,left,head,miss,true
1559,АГН-64,64,agn_064,2897,blue,jab,right,head,landed,true
1560,АГН-64,64,agn_064,2956,red,hook,right,head,miss,false
1561,АГН-64,64,agn_064,3019,red,uppercut,left,body,landed,false
1562,АГН-64,64,agn_064,3092,red,uppercut,right,head,miss,true
1563,АГН-64,64,agn_064,3199,blue,uppercut,left,head,miss,false
1564,АГН-64,64,agn_064,3287,red,hook,left,head,blocked,true
1565,АГН-64,64,agn_064,3345,blue,hook,left,head,blocked,true
1566,АГН-64,64,agn_064,3364,red,uppercut,left,head,miss,false
1567,АГН-64,64,agn_064,3425,blue,hook,right,body,miss,true
1568,АГН-64,64,agn_064,3558,blue,hook,right,body,landed,false
1569,АГН-64,64,agn_064,3572,red,uppercut,right,head,landed,false
1570,АГН-64,64,agn_064,3923,red,cross,left,body,miss,true
1571,АГН-64,64,agn_064,4006,blue,cross,right,body,miss,false
1572,АГН-64,64,agn_064,4028,red,jab,left,head,blocked,false
1573,АГН-64,64,agn_064,4096,red,cross,left,body,blocked,true
1574,АГН-64,64,agn_064,4176,blue,jab,right,head,blocked,false
1575,АГН-64,64,agn_064,4316,red,jab,left,body,landed,true
1576,АГН-64,64,agn_064,4500,blue,uppercut,left,body,landed,false
1577,АГН-64,64,agn_064,4607,blue,uppercut,right,head,landed,true
1578,АГН-64,64,agn_064,5050,red,jab,left,body,blocked,false
1579,АГН-64,64,agn_064,5118,blue,hook,left,body,blocked,false
1580,АГН-64,64,agn_064,5182,blue,hook,left,body,miss,true
1581,АГН-64,64,agn_064,5262,red,cross,left,head,miss,false
1582,АГН-64,64,agn_064,5429,red,uppercut,left,head,landed,false
1583,АГН-64,64,agn_064,5569,blue,hook,right,head,blocked,true
1584,АГН-64,64,agn_064,5680,blue,hook,left,head,blocked,false
1585,АГН-64,64,agn_064,5707,red,hook,left,head,miss,true
1586,АГН-64,64,agn_064,5735,red,cross,right,body,blocked,true
1587,АГН-64,64,agn_064,5742,red,uppercut,left,body,miss,true
1588,АГН-64,64,agn_064,5743,red,cross,left,head,landed,true
1589,АГН-64,64,agn_064,5919,blue,hook,left,body,landed,false
1590,АГН-64,64,agn_064,5919,blue,uppercut,left,body,landed,true
1591,АГН-64,64,agn_064,5953,blue,cross,left,body,landed,true
1592,АГН-64,64,agn_064,5984,blue,cross,right,head,miss,true
1593,АГН-64,64,agn_064,6067,blue,uppercut,left,head,blocked,false
1594,АГН-64,64,agn_064,6287,blue,hook,right,body,blocked,false
